__id,NUM_POSTE,NOM_USUEL,LAT,LON,ALTI,AAAAMMJJ,DHUMEC,QDHUMEC,PMERM,QPMERM,PMERMIN,QPMERMIN,INST,QINST,GLOT,QGLOT,DIFT,QDIFT,DIRT,QDIRT,INFRART,QINFRART,UV,QUV,UV_INDICEX,QUV_INDICEX,SIGMA,QSIGMA,UN,QUN,HUN,QHUN,UX,QUX,HUX,QHUX,UM,QUM,DHUMI40,QDHUMI40,DHUMI80,QDHUMI80,TSVM,QTSVM,ETPMON,QETPMON,ETPGRILLE,QETPGRILLE,ECOULEMENTM,QECOULEMENTM,HNEIGEF,QHNEIGEF,NEIGETOTX,QNEIGETOTX,NEIGETOT06,QNEIGETOT06,NEIG,QNEIG,BROU,QBROU,ORAG,QORAG,GRESIL,QGRESIL,GRELE,QGRELE,ROSEE,QROSEE,VERGLAS,QVERGLAS,SOLNEIGE,QSOLNEIGE,GELEE,QGELEE,FUMEE,QFUMEE,BRUME,QBRUME,ECLAIR,QECLAIR,NB300,QNB300,BA300,QBA300,TMERMIN,QTMERMIN,TMERMAX,QTMERMAX
153,38005402,AIGLETON-NIVOSE,45.231,6.038167,2240,2024-01-01,,,,,,,,,,,,,,,,,,,,,,,,,,,,,,,72,9,,,,,3.0,9,,,0.6,9,,,,,167,1,166,1,,,,,,,,,,,,,,,,,,,,,,,,,,,,,,,,
154,38005402,AIGLETON-NIVOSE,45.231,6.038167,2240,2024-01-02,,,,,,,,,,,,,,,,,,,,,,,,,,,,,,,93,9,,,,,4.7,9,,,0.4,9,,,,,185,1,166,1,,,,,,,,,,,,,,,,,,,,,,,,,,,,,,,,
155,38005402,AIGLETON-NIVOSE,45.231,6.038167,2240,2024-01-03,,,,,,,,,,,,,,,,,,,,,,,,,,,,,,,85,9,,,,,4.3,9,,,0.8,9,,,,,185,1,185,1,,,,,,,,,,,,,,,,,,,,,,,,,,,,,,,,
156,38005402,AIGLETON-NIVOSE,45.231,6.038167,2240,2024-01-04,,,,,,,,,,,,,,,,,,,,,,,,,,,,,,,58,9,,,,,2.8,9,,,1.2,9,,,,,185,1,184,1,,,,,,,,,,,,,,,,,,,,,,,,,,,,,,,,
157,38005402,AIGLETON-NIVOSE,45.231,6.038167,2240,2024-01-05,,,,,,,,,,,,,,,,,,,,,,,,,,,,,,,91,9,,,,,4.6,9,,,0.5,9,,,,,210,1,186,1,,,,,,,,,,,,,,,,,,,,,,,,,,,,,,,,
158,38005402,AIGLETON-NIVOSE,45.231,6.038167,2240,2024-01-06,,,,,,,,,,,,,,,,,,,,,,,,,,,,,,,92,9,,,,,3.2,9,,,0.6,9,,,,,215,1,204,1,,,,,,,,,,,,,,,,,,,,,,,,,,,,,,,,
159,38005402,AIGLETON-NIVOSE,45.231,6.038167,2240,2024-01-07,,,,,,,,,,,,,,,,,,,,,,,,,,,,,,,92,9,,,,,2.9,9,,,0.4,9,,,,,223,1,214,1,,,,,,,,,,,,,,,,,,,,,,,,,,,,,,,,
160,38005402,AIGLETON-NIVOSE,45.231,6.038167,2240,2024-01-08,,,,,,,,,,,,,,,,,,,,,,,,,,,,,,,88,9,,,,,3.0,9,,,0.4,9,,,,,222,1,221,1,,,,,,,,,,,,,,,,,,,,,,,,,,,,,,,,
161,38005402,AIGLETON-NIVOSE,45.231,6.038167,2240,2024-01-09,,,,,,,,,,,,,,,,,,,,,,,,,,,,,,,92,9,,,,,3.9,9,,,0.5,9,,,,,227,1,218,1,,,,,,,,,,,,,,,,,,,,,,,,,,,,,,,,
162,38005402,AIGLETON-NIVOSE,45.231,6.038167,2240,2024-01-10,,,,,,,,,,,,,,,,,,,,,,,,,,,,,,,83,9,,,,,3.2,9,,,0.6,9,,,,,226,1,225,1,,,,,,,,,,,,,,,,,,,,,,,,,,,,,,,,
163,38005402,AIGLETON-NIVOSE,45.231,6.038167,2240,2024-01-11,,,,,,,,,,,,,,,,,,,,,,,,,,,,,,,52,9,,,,,2.5,9,,,0.9,9,,,,,221,1,220,1,,,,,,,,,,,,,,,,,,,,,,,,,,,,,,,,
164,38005402,AIGLETON-NIVOSE,45.231,6.038167,2240,2024-01-12,,,,,,,,,,,,,,,,,,,,,,,,,,,,,,,24,9,,,,,1.4,9,,,1.0,9,,,,,218,1,218,1,,,,,,,,,,,,,,,,,,,,,,,,,,,,,,,,
165,38005402,AIGLETON-NIVOSE,45.231,6.038167,2240,2024-01-13,,,,,,,,,,,,,,,,,,,,,,,,,,,,,,,12,9,,,,,0.8,9,,,1.4,9,,,,,214,1,214,1,,,,,,,,,,,,,,,,,,,,,,,,,,,,,,,,
166,38005402,AIGLETON-NIVOSE,45.231,6.038167,2240,2024-01-14,,,,,,,,,,,,,,,,,,,,,,,,,,,,,,,36,9,,,,,1.9,9,,,1.2,9,,,,,211,1,210,1,,,,,,,,,,,,,,,,,,,,,,,,,,,,,,,,
167,38005402,AIGLETON-NIVOSE,45.231,6.038167,2240,2024-01-15,,,,,,,,,,,,,,,,,,,,,,,,,,,,,,,78,9,,,,,3.6,9,,,0.7,9,,,,,212,1,207,1,,,,,,,,,,,,,,,,,,,,,,,,,,,,,,,,
168,38005402,AIGLETON-NIVOSE,45.231,6.038167,2240,2024-01-16,,,,,,,,,,,,,,,,,,,,,,,,,,,,,,,55,9,,,,,2.9,9,,,0.7,9,,,,,210,1,210,1,,,,,,,,,,,,,,,,,,,,,,,,,,,,,,,,
169,38005402,AIGLETON-NIVOSE,45.231,6.038167,2240,2024-01-17,,,,,,,,,,,,,,,,,,,,,,,,,,,,,,,98,9,,,,,6.0,9,,,0.6,9,,,,,225,1,213,1,,,,,,,,,,,,,,,,,,,,,,,,,,,,,,,,
170,38005402,AIGLETON-NIVOSE,45.231,6.038167,2240,2024-01-18,,,,,,,,,,,,,,,,,,,,,,,,,,,,,,,98,9,,,,,5.1,9,,,0.4,9,,,,,258,1,232,1,,,,,,,,,,,,,,,,,,,,,,,,,,,,,,,,
171,38005402,AIGLETON-NIVOSE,45.231,6.038167,2240,2024-01-19,,,,,,,,,,,,,,,,,,,,,,,,,,,,,,,58,9,,,,,1.9,9,,,0.6,9,,,,,257,1,254,1,,,,,,,,,,,,,,,,,,,,,,,,,,,,,,,,
172,38005402,AIGLETON-NIVOSE,45.231,6.038167,2240,2024-01-20,,,,,,,,,,,,,,,,,,,,,,,,,,,,,,,17,9,,,,,0.7,9,,,1.3,9,,,,,250,1,249,1,,,,,,,,,,,,,,,,,,,,,,,,,,,,,,,,
173,38005402,AIGLETON-NIVOSE,45.231,6.038167,2240,2024-01-21,,,,,,,,,,,,,,,,,,,,,,,,,,,,,,,28,9,,,,,1.7,9,,,0.9,9,,,,,244,1,243,1,,,,,,,,,,,,,,,,,,,,,,,,,,,,,,,,
174,38005402,AIGLETON-NIVOSE,45.231,6.038167,2240,2024-01-22,,,,,,,,,,,,,,,,,,,,,,,,,,,,,,,62,9,,,,,3.7,9,,,1.3,9,,,,,242,1,239,1,,,,,,,,,,,,,,,,,,,,,,,,,,,,,,,,
175,38005402,AIGLETON-NIVOSE,45.231,6.038167,2240,2024-01-23,,,,,,,,,,,,,,,,,,,,,,,,,,,,,,,59,9,,,,,3.5,9,,,1.4,9,,,,,242,1,240,1,,,,,,,,,,,,,,,,,,,,,,,,,,,,,,,,
176,38005402,AIGLETON-NIVOSE,45.231,6.038167,2240,2024-01-24,,,,,,,,,,,,,,,,,,,,,,,,,,,,,,,59,9,,,,,4.9,9,,,1.6,9,,,,,238,1,236,1,,,,,,,,,,,,,,,,,,,,,,,,,,,,,,,,
177,38005402,AIGLETON-NIVOSE,45.231,6.038167,2240,2024-01-25,,,,,,,,,,,,,,,,,,,,,,,,,,,,,,,29,9,,,,,2.2,9,,,2.2,9,,,,,232,1,232,1,,,,,,,,,,,,,,,,,,,,,,,,,,,,,,,,
178,38005402,AIGLETON-NIVOSE,45.231,6.038167,2240,2024-01-26,,,,,,,,,,,,,,,,,,,,,,,,,,,,,,,75,9,,,,,5.5,9,,,1.2,9,,,,,230,1,229,1,,,,,,,,,,,,,,,,,,,,,,,,,,,,,,,,
179,38005402,AIGLETON-NIVOSE,45.231,6.038167,2240,2024-01-27,,,,,,,,,,,,,,,,,,,,,,,,,,,,,,,17,9,,,,,1.2,9,,,1.8,9,,,,,225,1,225,1,,,,,,,,,,,,,,,,,,,,,,,,,,,,,,,,
180,38005402,AIGLETON-NIVOSE,45.231,6.038167,2240,2024-01-28,,,,,,,,,,,,,,,,,,,,,,,,,,,,,,,23,9,,,,,1.9,9,,,2.2,9,,,,,223,1,222,1,,,,,,,,,,,,,,,,,,,,,,,,,,,,,,,,
181,38005402,AIGLETON-NIVOSE,45.231,6.038167,2240,2024-01-29,,,,,,,,,,,,,,,,,,,,,,,,,,,,,,,29,9,,,,,2.5,9,,,2.1,9,,,,,221,1,221,1,,,,,,,,,,,,,,,,,,,,,,,,,,,,,,,,
182,38005402,AIGLETON-NIVOSE,45.231,6.038167,2240,2024-01-30,,,,,,,,,,,,,,,,,,,,,,,,,,,,,,,40,9,,,,,2.9,9,,,2.2,9,,,,,220,1,219,1,,,,,,,,,,,,,,,,,,,,,,,,,,,,,,,,
183,38005402,AIGLETON-NIVOSE,45.231,6.038167,2240,2024-01-31,,,,,,,,,,,,,,,,,,,,,,,,,,,,,,,49,9,,,,,3.5,9,,,1.9,9,,,,,218,1,218,1,,,,,,,,,,,,,,,,,,,,,,,,,,,,,,,,
184,38005402,AIGLETON-NIVOSE,45.231,6.038167,2240,2024-02-01,,,,,,,,,,,,,,,,,,,,,,,,,,,,,,,63,9,,,,,3.7,9,,,1.1,9,,,,,218,1,217,1,,,,,,,,,,,,,,,,,,,,,,,,,,,,,,,,
185,38005402,AIGLETON-NIVOSE,45.231,6.038167,2240,2024-02-02,,,,,,,,,,,,,,,,,,,,,,,,,,,,,,,34,9,,,,,2.7,9,,,1.2,9,,,,,217,1,216,1,,,,,,,,,,,,,,,,,,,,,,,,,,,,,,,,
186,38005402,AIGLETON-NIVOSE,45.231,6.038167,2240,2024-02-03,,,,,,,,,,,,,,,,,,,,,,,,,,,,,,,29,9,,,,,2.7,9,,,1.9,9,,,,,216,1,216,1,,,,,,,,,,,,,,,,,,,,,,,,,,,,,,,,
187,38005402,AIGLETON-NIVOSE,45.231,6.038167,2240,2024-02-04,,,,,,,,,,,,,,,,,,,,,,,,,,,,,,,35,9,,,,,2.9,9,,,1.8,9,,,,,214,1,213,1,,,,,,,,,,,,,,,,,,,,,,,,,,,,,,,,
188,38005402,AIGLETON-NIVOSE,45.231,6.038167,2240,2024-02-05,,,,,,,,,,,,,,,,,,,,,,,,,,,,,,,22,9,,,,,1.9,9,,,2.1,9,,,,,213,1,213,1,,,,,,,,,,,,,,,,,,,,,,,,,,,,,,,,
189,38005402,AIGLETON-NIVOSE,45.231,6.038167,2240,2024-02-06,,,,,,,,,,,,,,,,,,,,,,,,,,,,,,,37,9,,,,,2.7,9,,,1.7,9,,,,,212,1,211,1,,,,,,,,,,,,,,,,,,,,,,,,,,,,,,,,
190,38005402,AIGLETON-NIVOSE,45.231,6.038167,2240,2024-02-07,,,,,,,,,,,,,,,,,,,,,,,,,,,,,,,62,9,,,,,3.5,9,,,1.2,9,,,,,216,1,211,1,,,,,,,,,,,,,,,,,,,,,,,,,,,,,,,,
191,38005402,AIGLETON-NIVOSE,45.231,6.038167,2240,2024-02-08,,,,,,,,,,,,,,,,,,,,,,,,,,,,,,,88,9,,,,,5.6,9,,,1.0,9,,,,,218,1,218,1,,,,,,,,,,,,,,,,,,,,,,,,,,,,,,,,
192,38005402,AIGLETON-NIVOSE,45.231,6.038167,2240,2024-02-09,,,,,,,,,,,,,,,,,,,,,,,,,,,,,,,97,9,,,,,5.4,9,,,1.6,9,,,,,229,1,218,1,,,,,,,,,,,,,,,,,,,,,,,,,,,,,,,,
193,38005402,AIGLETON-NIVOSE,45.231,6.038167,2240,2024-02-10,,,,,,,,,,,,,,,,,,,,,,,,,,,,,,,91,9,,,,,4.7,9,,,0.8,9,,,,,233,1,227,1,,,,,,,,,,,,,,,,,,,,,,,,,,,,,,,,
194,38005402,AIGLETON-NIVOSE,45.231,6.038167,2240,2024-02-11,,,,,,,,,,,,,,,,,,,,,,,,,,,,,,,90,9,,,,,3.7,9,,,0.8,9,,,,,238,1,233,1,,,,,,,,,,,,,,,,,,,,,,,,,,,,,,,,
195,38005402,AIGLETON-NIVOSE,45.231,6.038167,2240,2024-02-12,,,,,,,,,,,,,,,,,,,,,,,,,,,,,,,44,9,,,,,1.8,9,,,1.1,9,,,,,238,1,238,1,,,,,,,,,,,,,,,,,,,,,,,,,,,,,,,,
196,38005402,AIGLETON-NIVOSE,45.231,6.038167,2240,2024-02-13,,,,,,,,,,,,,,,,,,,,,,,,,,,,,,,26,9,,,,,1.2,9,,,1.6,9,,,,,235,1,235,1,,,,,,,,,,,,,,,,,,,,,,,,,,,,,,,,
197,38005402,AIGLETON-NIVOSE,45.231,6.038167,2240,2024-02-14,,,,,,,,,,,,,,,,,,,,,,,,,,,,,,,46,9,,,,,3.2,9,,,1.4,9,,,,,232,1,232,1,,,,,,,,,,,,,,,,,,,,,,,,,,,,,,,,
198,38005402,AIGLETON-NIVOSE,45.231,6.038167,2240,2024-02-15,,,,,,,,,,,,,,,,,,,,,,,,,,,,,,,24,9,,,,,2.2,9,,,2.7,9,,,,,230,1,229,1,,,,,,,,,,,,,,,,,,,,,,,,,,,,,,,,
199,38005402,AIGLETON-NIVOSE,45.231,6.038167,2240,2024-02-16,,,,,,,,,,,,,,,,,,,,,,,,,,,,,,,64,9,,,,,4.9,9,,,1.4,9,,,,,228,1,227,1,,,,,,,,,,,,,,,,,,,,,,,,,,,,,,,,
200,38005402,AIGLETON-NIVOSE,45.231,6.038167,2240,2024-02-17,,,,,,,,,,,,,,,,,,,,,,,,,,,,,,,59,9,,,,,4.6,9,,,0.9,9,,,,,226,1,225,1,,,,,,,,,,,,,,,,,,,,,,,,,,,,,,,,
201,38005402,AIGLETON-NIVOSE,45.231,6.038167,2240,2024-02-18,,,,,,,,,,,,,,,,,,,,,,,,,,,,,,,50,9,,,,,3.7,9,,,1.6,9,,,,,224,1,223,1,,,,,,,,,,,,,,,,,,,,,,,,,,,,,,,,
202,38005402,AIGLETON-NIVOSE,45.231,6.038167,2240,2024-02-19,,,,,,,,,,,,,,,,,,,,,,,,,,,,,,,87,9,,,,,4.7,9,,,1.6,9,,,,,223,1,223,1,,,,,,,,,,,,,,,,,,,,,,,,,,,,,,,,
203,38005402,AIGLETON-NIVOSE,45.231,6.038167,2240,2024-02-20,,,,,,,,,,,,,,,,,,,,,,,,,,,,,,,77,9,,,,,3.8,9,,,1.1,9,,,,,228,1,227,1,,,,,,,,,,,,,,,,,,,,,,,,,,,,,,,,
204,38005402,AIGLETON-NIVOSE,45.231,6.038167,2240,2024-02-21,,,,,,,,,,,,,,,,,,,,,,,,,,,,,,,45,9,,,,,3.0,9,,,1.4,9,,,,,228,1,227,1,,,,,,,,,,,,,,,,,,,,,,,,,,,,,,,,
205,38005402,AIGLETON-NIVOSE,45.231,6.038167,2240,2024-02-22,,,,,,,,,,,,,,,,,,,,,,,,,,,,,,,99,9,,,,,5.2,9,,,0.7,9,,,,,259,1,236,1,,,,,,,,,,,,,,,,,,,,,,,,,,,,,,,,
206,38005402,AIGLETON-NIVOSE,45.231,6.038167,2240,2024-02-23,,,,,,,,,,,,,,,,,,,,,,,,,,,,,,,75,9,,,,,2.8,9,,,1.5,9,,,,,262,1,261,1,,,,,,,,,,,,,,,,,,,,,,,,,,,,,,,,
207,38005402,AIGLETON-NIVOSE,45.231,6.038167,2240,2024-02-24,,,,,,,,,,,,,,,,,,,,,,,,,,,,,,,89,9,,,,,3.1,9,,,1.1,9,,,,,266,1,264,1,,,,,,,,,,,,,,,,,,,,,,,,,,,,,,,,
208,38005402,AIGLETON-NIVOSE,45.231,6.038167,2240,2024-02-25,,,,,,,,,,,,,,,,,,,,,,,,,,,,,,,82,9,,,,,3.2,9,,,1.2,9,,,,,273,1,263,1,,,,,,,,,,,,,,,,,,,,,,,,,,,,,,,,
209,38005402,AIGLETON-NIVOSE,45.231,6.038167,2240,2024-02-26,,,,,,,,,,,,,,,,,,,,,,,,,,,,,,,88,9,,,,,4.1,9,,,1.3,9,,,,,291,1,289,1,,,,,,,,,,,,,,,,,,,,,,,,,,,,,,,,
210,38005402,AIGLETON-NIVOSE,45.231,6.038167,2240,2024-02-27,,,,,,,,,,,,,,,,,,,,,,,,,,,,,,,82,9,,,,,3.9,9,,,1.0,9,,,,,283,1,283,1,,,,,,,,,,,,,,,,,,,,,,,,,,,,,,,,
211,38005402,AIGLETON-NIVOSE,45.231,6.038167,2240,2024-02-28,,,,,,,,,,,,,,,,,,,,,,,,,,,,,,,71,9,,,,,4.1,9,,,0.9,9,,,,,280,1,280,1,,,,,,,,,,,,,,,,,,,,,,,,,,,,,,,,
212,38005402,AIGLETON-NIVOSE,45.231,6.038167,2240,2024-02-29,,,,,,,,,,,,,,,,,,,,,,,,,,,,,,,65,9,,,,,4.2,9,,,1.4,9,,,,,277,1,277,1,,,,,,,,,,,,,,,,,,,,,,,,,,,,,,,,
213,38005402,AIGLETON-NIVOSE,45.231,6.038167,2240,2024-03-01,,,,,,,,,,,,,,,,,,,,,,,,,,,,,,,79,9,,,,,3.8,9,,,0.9,9,,,,,289,1,287,1,,,,,,,,,,,,,,,,,,,,,,,,,,,,,,,,
214,38005402,AIGLETON-NIVOSE,45.231,6.038167,2240,2024-03-02,,,,,,,,,,,,,,,,,,,,,,,,,,,,,,,70,9,,,,,3.5,9,,,1.5,9,,,,,279,1,278,1,,,,,,,,,,,,,,,,,,,,,,,,,,,,,,,,
215,38005402,AIGLETON-NIVOSE,45.231,6.038167,2240,2024-03-03,,,,,,,,,,,,,,,,,,,,,,,,,,,,,,,79,9,,,,,3.8,9,,,1.0,9,,,,,277,1,276,1,,,,,,,,,,,,,,,,,,,,,,,,,,,,,,,,
216,38005402,AIGLETON-NIVOSE,45.231,6.038167,2240,2024-03-04,,,,,,,,,,,,,,,,,,,,,,,,,,,,,,,74,9,,,,,3.7,9,,,0.8,9,,,,,275,1,275,1,,,,,,,,,,,,,,,,,,,,,,,,,,,,,,,,
217,38005402,AIGLETON-NIVOSE,45.231,6.038167,2240,2024-03-05,,,,,,,,,,,,,,,,,,,,,,,,,,,,,,,86,9,,,,,3.5,9,,,1.1,9,,,,,280,1,269,1,,,,,,,,,,,,,,,,,,,,,,,,,,,,,,,,
218,38005402,AIGLETON-NIVOSE,45.231,6.038167,2240,2024-03-06,,,,,,,,,,,,,,,,,,,,,,,,,,,,,,,86,9,,,,,3.0,9,,,1.1,9,,,,,287,1,286,1,,,,,,,,,,,,,,,,,,,,,,,,,,,,,,,,
219,38005402,AIGLETON-NIVOSE,45.231,6.038167,2240,2024-03-07,,,,,,,,,,,,,,,,,,,,,,,,,,,,,,,40,9,,,,,1.9,9,,,1.9,9,,,,,285,1,284,1,,,,,,,,,,,,,,,,,,,,,,,,,,,,,,,,
220,38005402,AIGLETON-NIVOSE,45.231,6.038167,2240,2024-03-08,,,,,,,,,,,,,,,,,,,,,,,,,,,,,,,67,9,,,,,3.0,9,,,1.3,9,,,,,287,1,281,1,,,,,,,,,,,,,,,,,,,,,,,,,,,,,,,,
221,38005402,AIGLETON-NIVOSE,45.231,6.038167,2240,2024-03-09,,,,,,,,,,,,,,,,,,,,,,,,,,,,,,,63,9,,,,,3.2,9,,,2.1,9,,,,,286,1,286,1,,,,,,,,,,,,,,,,,,,,,,,,,,,,,,,,
222,38005402,AIGLETON-NIVOSE,45.231,6.038167,2240,2024-03-10,,,,,,,,,,,,,,,,,,,,,,,,,,,,,,,89,9,,,,,3.9,9,,,1.2,9,,,,,328,1,319,1,,,,,,,,,,,,,,,,,,,,,,,,,,,,,,,,
223,38005402,AIGLETON-NIVOSE,45.231,6.038167,2240,2024-03-11,,,,,,,,,,,,,,,,,,,,,,,,,,,,,,,81,9,,,,,3.5,9,,,1.1,9,,,,,325,1,324,1,,,,,,,,,,,,,,,,,,,,,,,,,,,,,,,,
224,38005402,AIGLETON-NIVOSE,45.231,6.038167,2240,2024-03-12,,,,,,,,,,,,,,,,,,,,,,,,,,,,,,,87,9,,,,,3.9,9,,,1.3,9,,,,,322,1,320,1,,,,,,,,,,,,,,,,,,,,,,,,,,,,,,,,
225,38005402,AIGLETON-NIVOSE,45.231,6.038167,2240,2024-03-13,,,,,,,,,,,,,,,,,,,,,,,,,,,,,,,66,9,,,,,4.4,9,,,1.5,9,,,,,318,1,318,1,,,,,,,,,,,,,,,,,,,,,,,,,,,,,,,,
226,38005402,AIGLETON-NIVOSE,45.231,6.038167,2240,2024-03-14,,,,,,,,,,,,,,,,,,,,,,,,,,,,,,,60,9,,,,,4.5,9,,,2.0,9,,,,,313,1,312,1,,,,,,,,,,,,,,,,,,,,,,,,,,,,,,,,
227,38005402,AIGLETON-NIVOSE,45.231,6.038167,2240,2024-03-15,,,,,,,,,,,,,,,,,,,,,,,,,,,,,,,81,9,,,,,5.2,9,,,2.2,9,,,,,307,1,306,1,,,,,,,,,,,,,,,,,,,,,,,,,,,,,,,,
228,38005402,AIGLETON-NIVOSE,45.231,6.038167,2240,2024-03-16,,,,,,,,,,,,,,,,,,,,,,,,,,,,,,,71,9,,,,,4.3,9,,,1.8,9,,,,,303,1,303,1,,,,,,,,,,,,,,,,,,,,,,,,,,,,,,,,
229,38005402,AIGLETON-NIVOSE,45.231,6.038167,2240,2024-03-17,,,,,,,,,,,,,,,,,,,,,,,,,,,,,,,62,9,,,,,4.4,9,,,1.9,9,,,,,299,1,299,1,,,,,,,,,,,,,,,,,,,,,,,,,,,,,,,,
230,38005402,AIGLETON-NIVOSE,45.231,6.038167,2240,2024-03-18,,,,,,,,,,,,,,,,,,,,,,,,,,,,,,,89,9,,,,,6.0,9,,,1.2,9,,,,,298,1,297,1,,,,,,,,,,,,,,,,,,,,,,,,,,,,,,,,
231,38005402,AIGLETON-NIVOSE,45.231,6.038167,2240,2024-03-19,,,,,,,,,,,,,,,,,,,,,,,,,,,,,,,48,9,,,,,3.8,9,,,2.1,9,,,,,293,1,292,1,,,,,,,,,,,,,,,,,,,,,,,,,,,,,,,,
232,38005402,AIGLETON-NIVOSE,45.231,6.038167,2240,2024-03-20,,,,,,,,,,,,,,,,,,,,,,,,,,,,,,,66,9,,,,,5.3,9,,,2.3,9,,,,,289,1,289,1,,,,,,,,,,,,,,,,,,,,,,,,,,,,,,,,
233,38005402,AIGLETON-NIVOSE,45.231,6.038167,2240,2024-03-21,,,,,,,,,,,,,,,,,,,,,,,,,,,,,,,70,9,,,,,5.6,9,,,2.4,9,,,,,285,1,284,1,,,,,,,,,,,,,,,,,,,,,,,,,,,,,,,,
234,38005402,AIGLETON-NIVOSE,45.231,6.038167,2240,2024-03-22,,,,,,,,,,,,,,,,,,,,,,,,,,,,,,,28,9,,,,,2.5,9,,,3.1,9,,,,,280,1,279,1,,,,,,,,,,,,,,,,,,,,,,,,,,,,,,,,
235,38005402,AIGLETON-NIVOSE,45.231,6.038167,2240,2024-03-23,,,,,,,,,,,,,,,,,,,,,,,,,,,,,,,79,9,,,,,4.3,9,,,2.1,9,,,,,276,1,276,1,,,,,,,,,,,,,,,,,,,,,,,,,,,,,,,,
236,38005402,AIGLETON-NIVOSE,45.231,6.038167,2240,2024-03-24,,,,,,,,,,,,,,,,,,,,,,,,,,,,,,,81,9,,,,,2.9,9,,,1.5,9,,,,,276,1,275,1,,,,,,,,,,,,,,,,,,,,,,,,,,,,,,,,
237,38005402,AIGLETON-NIVOSE,45.231,6.038167,2240,2024-03-25,,,,,,,,,,,,,,,,,,,,,,,,,,,,,,,42,9,,,,,2.4,9,,,2.1,9,,,,,277,1,274,1,,,,,,,,,,,,,,,,,,,,,,,,,,,,,,,,
238,38005402,AIGLETON-NIVOSE,45.231,6.038167,2240,2024-03-26,,,,,,,,,,,,,,,,,,,,,,,,,,,,,,,88,9,,,,,4.8,9,,,1.7,9,,,,,291,1,277,1,,,,,,,,,,,,,,,,,,,,,,,,,,,,,,,,
239,38005402,AIGLETON-NIVOSE,45.231,6.038167,2240,2024-03-27,,,,,,,,,,,,,,,,,,,,,,,,,,,,,,,87,9,,,,,3.7,9,,,1.3,9,,,,,302,1,300,1,,,,,,,,,,,,,,,,,,,,,,,,,,,,,,,,
240,38005402,AIGLETON-NIVOSE,45.231,6.038167,2240,2024-03-28,,,,,,,,,,,,,,,,,,,,,,,,,,,,,,,84,9,,,,,4.1,9,,,1.8,9,,,,,311,1,307,1,,,,,,,,,,,,,,,,,,,,,,,,,,,,,,,,
241,38005402,AIGLETON-NIVOSE,45.231,6.038167,2240,2024-03-29,,,,,,,,,,,,,,,,,,,,,,,,,,,,,,,56,9,,,,,4.2,9,,,4.1,9,,,,,307,1,306,1,,,,,,,,,,,,,,,,,,,,,,,,,,,,,,,,
242,38005402,AIGLETON-NIVOSE,45.231,6.038167,2240,2024-03-30,,,,,,,,,,,,,,,,,,,,,,,,,,,,,,,79,9,,,,,4.6,9,,,2.4,9,,,,,305,1,299,1,,,,,,,,,,,,,,,,,,,,,,,,,,,,,,,,
243,38005402,AIGLETON-NIVOSE,45.231,6.038167,2240,2024-03-31,,,,,,,,,,,,,,,,,,,,,,,,,,,,,,,88,9,,,,,4.9,9,,,2.1,9,,,,,315,1,303,1,,,,,,,,,,,,,,,,,,,,,,,,,,,,,,,,
244,38005402,AIGLETON-NIVOSE,45.231,6.038167,2240,2024-04-01,,,,,,,,,,,,,,,,,,,,,,,,,,,,,,,90,9,,,,,4.3,9,,,1.3,9,,,,,332,1,327,1,,,,,,,,,,,,,,,,,,,,,,,,,,,,,,,,
245,38005402,AIGLETON-NIVOSE,45.231,6.038167,2240,2024-04-02,,,,,,,,,,,,,,,,,,,,,,,,,,,,,,,70,9,,,,,3.5,9,,,2.1,9,,,,,331,1,331,1,,,,,,,,,,,,,,,,,,,,,,,,,,,,,,,,
246,38005402,AIGLETON-NIVOSE,45.231,6.038167,2240,2024-04-03,,,,,,,,,,,,,,,,,,,,,,,,,,,,,,,90,9,,,,,5.0,9,,,1.1,9,,,,,332,1,326,1,,,,,,,,,,,,,,,,,,,,,,,,,,,,,,,,
247,38005402,AIGLETON-NIVOSE,45.231,6.038167,2240,2024-04-04,,,,,,,,,,,,,,,,,,,,,,,,,,,,,,,75,9,,,,,5.2,9,,,2.2,9,,,,,331,1,330,1,,,,,,,,,,,,,,,,,,,,,,,,,,,,,,,,
248,38005402,AIGLETON-NIVOSE,45.231,6.038167,2240,2024-04-05,,,,,,,,,,,,,,,,,,,,,,,,,,,,,,,54,9,,,,,4.8,9,,,3.6,9,,,,,322,1,321,1,,,,,,,,,,,,,,,,,,,,,,,,,,,,,,,,
249,38005402,AIGLETON-NIVOSE,45.231,6.038167,2240,2024-04-06,,,,,,,,,,,,,,,,,,,,,,,,,,,,,,,27,9,,,,,3.0,9,,,5.1,9,,,,,313,1,313,1,,,,,,,,,,,,,,,,,,,,,,,,,,,,,,,,
250,38005402,AIGLETON-NIVOSE,45.231,6.038167,2240,2024-04-07,,,,,,,,,,,,,,,,,,,,,,,,,,,,,,,31,9,,,,,3.8,9,,,5.1,9,,,,,307,1,306,1,,,,,,,,,,,,,,,,,,,,,,,,,,,,,,,,
251,38005402,AIGLETON-NIVOSE,45.231,6.038167,2240,2024-04-08,,,,,,,,,,,,,,,,,,,,,,,,,,,,,,,32,9,,,,,3.7,9,,,6.3,9,,,,,301,1,301,1,,,,,,,,,,,,,,,,,,,,,,,,,,,,,,,,
252,38005402,AIGLETON-NIVOSE,45.231,6.038167,2240,2024-04-09,,,,,,,,,,,,,,,,,,,,,,,,,,,,,,,85,9,,,,,4.3,9,,,1.0,9,,,,,296,1,291,1,,,,,,,,,,,,,,,,,,,,,,,,,,,,,,,,
253,38005402,AIGLETON-NIVOSE,45.231,6.038167,2240,2024-04-10,,,,,,,,,,,,,,,,,,,,,,,,,,,,,,,91,9,,,,,4.0,9,,,1.5,9,,,,,301,1,296,1,,,,,,,,,,,,,,,,,,,,,,,,,,,,,,,,
254,38005402,AIGLETON-NIVOSE,45.231,6.038167,2240,2024-04-11,,,,,,,,,,,,,,,,,,,,,,,,,,,,,,,51,9,,,,,4.5,9,,,2.2,9,,,,,291,1,291,1,,,,,,,,,,,,,,,,,,,,,,,,,,,,,,,,
255,38005402,AIGLETON-NIVOSE,45.231,6.038167,2240,2024-04-12,,,,,,,,,,,,,,,,,,,,,,,,,,,,,,,38,9,,,,,4.3,9,,,3.2,9,,,,,286,1,286,1,,,,,,,,,,,,,,,,,,,,,,,,,,,,,,,,
256,38005402,AIGLETON-NIVOSE,45.231,6.038167,2240,2024-04-13,,,,,,,,,,,,,,,,,,,,,,,,,,,,,,,39,9,,,,,5.1,9,,,3.9,9,,,,,278,1,277,1,,,,,,,,,,,,,,,,,,,,,,,,,,,,,,,,
257,38005402,AIGLETON-NIVOSE,45.231,6.038167,2240,2024-04-14,,,,,,,,,,,,,,,,,,,,,,,,,,,,,,,39,9,,,,,5.0,9,,,4.3,9,,,,,269,1,268,1,,,,,,,,,,,,,,,,,,,,,,,,,,,,,,,,
258,38005402,AIGLETON-NIVOSE,45.231,6.038167,2240,2024-04-15,,,,,,,,,,,,,,,,,,,,,,,,,,,,,,,80,9,,,,,6.8,9,,,3.2,9,,,,,259,1,257,1,,,,,,,,,,,,,,,,,,,,,,,,,,,,,,,,
259,38005402,AIGLETON-NIVOSE,45.231,6.038167,2240,2024-04-16,,,,,,,,,,,,,,,,,,,,,,,,,,,,,,,90,9,,,,,3.9,9,,,1.9,9,,,,,256,1,252,1,,,,,,,,,,,,,,,,,,,,,,,,,,,,,,,,
260,38005402,AIGLETON-NIVOSE,45.231,6.038167,2240,2024-04-17,,,,,,,,,,,,,,,,,,,,,,,,,,,,,,,87,9,,,,,3.2,9,,,1.5,9,,,,,267,1,263,1,,,,,,,,,,,,,,,,,,,,,,,,,,,,,,,,
261,38005402,AIGLETON-NIVOSE,45.231,6.038167,2240,2024-04-18,,,,,,,,,,,,,,,,,,,,,,,,,,,,,,,82,9,,,,,2.8,9,,,1.4,9,,,,,277,1,273,1,,,,,,,,,,,,,,,,,,,,,,,,,,,,,,,,
262,38005402,AIGLETON-NIVOSE,45.231,6.038167,2240,2024-04-19,,,,,,,,,,,,,,,,,,,,,,,,,,,,,,,58,9,,,,,2.9,9,,,1.8,9,,,,,271,1,270,1,,,,,,,,,,,,,,,,,,,,,,,,,,,,,,,,
263,38005402,AIGLETON-NIVOSE,45.231,6.038167,2240,2024-04-20,,,,,,,,,,,,,,,,,,,,,,,,,,,,,,,88,9,,,,,3.4,9,,,1.7,9,,,,,277,1,275,1,,,,,,,,,,,,,,,,,,,,,,,,,,,,,,,,
264,38005402,AIGLETON-NIVOSE,45.231,6.038167,2240,2024-04-21,,,,,,,,,,,,,,,,,,,,,,,,,,,,,,,68,9,,,,,2.4,9,,,1.7,9,,,,,287,1,276,1,,,,,,,,,,,,,,,,,,,,,,,,,,,,,,,,
265,38005402,AIGLETON-NIVOSE,45.231,6.038167,2240,2024-04-22,,,,,,,,,,,,,,,,,,,,,,,,,,,,,,,79,9,,,,,2.5,9,,,1.1,9,,,,,289,1,283,1,,,,,,,,,,,,,,,,,,,,,,,,,,,,,,,,
266,38005402,AIGLETON-NIVOSE,45.231,6.038167,2240,2024-04-23,,,,,,,,,,,,,,,,,,,,,,,,,,,,,,,90,9,,,,,3.0,9,,,1.0,9,,,,,302,1,299,1,,,,,,,,,,,,,,,,,,,,,,,,,,,,,,,,
267,38005402,AIGLETON-NIVOSE,45.231,6.038167,2240,2024-04-24,,,,,,,,,,,,,,,,,,,,,,,,,,,,,,,86,9,,,,,2.9,9,,,1.7,9,,,,,303,1,300,1,,,,,,,,,,,,,,,,,,,,,,,,,,,,,,,,
268,38005402,AIGLETON-NIVOSE,45.231,6.038167,2240,2024-04-25,,,,,,,,,,,,,,,,,,,,,,,,,,,,,,,65,9,,,,,2.7,9,,,2.1,9,,,,,302,1,301,1,,,,,,,,,,,,,,,,,,,,,,,,,,,,,,,,
269,38005402,AIGLETON-NIVOSE,45.231,6.038167,2240,2024-04-26,,,,,,,,,,,,,,,,,,,,,,,,,,,,,,,86,9,,,,,4.4,9,,,1.6,9,,,,,298,1,296,1,,,,,,,,,,,,,,,,,,,,,,,,,,,,,,,,
270,38005402,AIGLETON-NIVOSE,45.231,6.038167,2240,2024-04-27,,,,,,,,,,,,,,,,,,,,,,,,,,,,,,,68,9,,,,,4.4,9,,,3.0,9,,,,,295,1,294,1,,,,,,,,,,,,,,,,,,,,,,,,,,,,,,,,
271,38005402,AIGLETON-NIVOSE,45.231,6.038167,2240,2024-04-28,,,,,,,,,,,,,,,,,,,,,,,,,,,,,,,92,9,,,,,5.8,9,,,1.5,9,,,,,289,1,288,1,,,,,,,,,,,,,,,,,,,,,,,,,,,,,,,,
272,38005402,AIGLETON-NIVOSE,45.231,6.038167,2240,2024-04-29,,,,,,,,,,,,,,,,,,,,,,,,,,,,,,,71,9,,,,,5.5,9,,,2.3,9,,,,,288,1,288,1,,,,,,,,,,,,,,,,,,,,,,,,,,,,,,,,
273,38005402,AIGLETON-NIVOSE,45.231,6.038167,2240,2024-04-30,,,,,,,,,,,,,,,,,,,,,,,,,,,,,,,58,9,,,,,5.0,9,,,3.3,9,,,,,277,1,277,1,,,,,,,,,,,,,,,,,,,,,,,,,,,,,,,,
274,38005402,AIGLETON-NIVOSE,45.231,6.038167,2240,2024-05-01,,,,,,,,,,,,,,,,,,,,,,,,,,,,,,,68,9,,,,,5.5,9,,,3.0,9,,,,,269,1,269,1,,,,,,,,,,,,,,,,,,,,,,,,,,,,,,,,
275,38005402,AIGLETON-NIVOSE,45.231,6.038167,2240,2024-05-02,,,,,,,,,,,,,,,,,,,,,,,,,,,,,,,91,9,,,,,5.0,9,,,0.7,9,,,,,284,1,265,1,,,,,,,,,,,,,,,,,,,,,,,,,,,,,,,,
276,38005402,AIGLETON-NIVOSE,45.231,6.038167,2240,2024-05-03,,,,,,,,,,,,,,,,,,,,,,,,,,,,,,,75,9,,,,,4.1,9,,,2.1,9,,,,,286,1,285,1,,,,,,,,,,,,,,,,,,,,,,,,,,,,,,,,
277,38005402,AIGLETON-NIVOSE,45.231,6.038167,2240,2024-05-04,,,,,,,,,,,,,,,,,,,,,,,,,,,,,,,68,9,,,,,4.8,9,,,2.2,9,,,,,280,1,278,1,,,,,,,,,,,,,,,,,,,,,,,,,,,,,,,,
278,38005402,AIGLETON-NIVOSE,45.231,6.038167,2240,2024-05-05,,,,,,,,,,,,,,,,,,,,,,,,,,,,,,,86,9,,,,,6.8,9,,,2.3,9,,,,,273,1,272,1,,,,,,,,,,,,,,,,,,,,,,,,,,,,,,,,
279,38005402,AIGLETON-NIVOSE,45.231,6.038167,2240,2024-05-06,,,,,,,,,,,,,,,,,,,,,,,,,,,,,,,97,9,,,,,6.3,9,,,0.7,9,,,,,283,1,267,1,,,,,,,,,,,,,,,,,,,,,,,,,,,,,,,,
280,38005402,AIGLETON-NIVOSE,45.231,6.038167,2240,2024-05-07,,,,,,,,,,,,,,,,,,,,,,,,,,,,,,,93,9,,,,,5.4,9,,,0.8,9,,,,,291,1,282,1,,,,,,,,,,,,,,,,,,,,,,,,,,,,,,,,
281,38005402,AIGLETON-NIVOSE,45.231,6.038167,2240,2024-05-08,,,,,,,,,,,,,,,,,,,,,,,,,,,,,,,90,9,,,,,5.9,9,,,1.4,9,,,,,289,1,288,1,,,,,,,,,,,,,,,,,,,,,,,,,,,,,,,,
282,38005402,AIGLETON-NIVOSE,45.231,6.038167,2240,2024-05-09,,,,,,,,,,,,,,,,,,,,,,,,,,,,,,,74,9,,,,,6.3,9,,,2.5,9,,,,,281,1,281,1,,,,,,,,,,,,,,,,,,,,,,,,,,,,,,,,
283,38005402,AIGLETON-NIVOSE,45.231,6.038167,2240,2024-05-10,,,,,,,,,,,,,,,,,,,,,,,,,,,,,,,68,9,,,,,6.5,9,,,3.3,9,,,,,274,1,274,1,,,,,,,,,,,,,,,,,,,,,,,,,,,,,,,,
284,38005402,AIGLETON-NIVOSE,45.231,6.038167,2240,2024-05-11,,,,,,,,,,,,,,,,,,,,,,,,,,,,,,,76,9,,,,,7.7,9,,,3.3,9,,,,,267,1,266,1,,,,,,,,,,,,,,,,,,,,,,,,,,,,,,,,
285,38005402,AIGLETON-NIVOSE,45.231,6.038167,2240,2024-05-12,,,,,,,,,,,,,,,,,,,,,,,,,,,,,,,76,9,,,,,7.4,9,,,3.1,9,,,,,257,1,257,1,,,,,,,,,,,,,,,,,,,,,,,,,,,,,,,,
286,38005402,AIGLETON-NIVOSE,45.231,6.038167,2240,2024-05-13,,,,,,,,,,,,,,,,,,,,,,,,,,,,,,,70,9,,,,,6.3,9,,,3.3,9,,,,,250,1,250,1,,,,,,,,,,,,,,,,,,,,,,,,,,,,,,,,
287,38005402,AIGLETON-NIVOSE,45.231,6.038167,2240,2024-05-14,,,,,,,,,,,,,,,,,,,,,,,,,,,,,,,90,9,,,,,7.1,9,,,1.4,9,,,,,244,1,244,1,,,,,,,,,,,,,,,,,,,,,,,,,,,,,,,,
288,38005402,AIGLETON-NIVOSE,45.231,6.038167,2240,2024-05-15,,,,,,,,,,,,,,,,,,,,,,,,,,,,,,,91,9,,,,,6.4,9,,,1.6,9,,,,,241,1,240,1,,,,,,,,,,,,,,,,,,,,,,,,,,,,,,,,
289,38005402,AIGLETON-NIVOSE,45.231,6.038167,2240,2024-05-16,,,,,,,,,,,,,,,,,,,,,,,,,,,,,,,90,9,,,,,5.5,9,,,1.6,9,,,,,242,1,239,1,,,,,,,,,,,,,,,,,,,,,,,,,,,,,,,,
290,38005402,AIGLETON-NIVOSE,45.231,6.038167,2240,2024-05-17,,,,,,,,,,,,,,,,,,,,,,,,,,,,,,,77,9,,,,,5.4,9,,,2.4,9,,,,,237,1,236,1,,,,,,,,,,,,,,,,,,,,,,,,,,,,,,,,
291,38005402,AIGLETON-NIVOSE,45.231,6.038167,2240,2024-05-18,,,,,,,,,,,,,,,,,,,,,,,,,,,,,,,77,9,,,,,5.9,9,,,2.2,9,,,,,232,1,231,1,,,,,,,,,,,,,,,,,,,,,,,,,,,,,,,,
292,38005402,AIGLETON-NIVOSE,45.231,6.038167,2240,2024-05-19,,,,,,,,,,,,,,,,,,,,,,,,,,,,,,,80,9,,,,,6.5,9,,,2.7,9,,,,,227,1,226,1,,,,,,,,,,,,,,,,,,,,,,,,,,,,,,,,
293,38005402,AIGLETON-NIVOSE,45.231,6.038167,2240,2024-05-20,,,,,,,,,,,,,,,,,,,,,,,,,,,,,,,79,9,,,,,6.6,9,,,2.6,9,,,,,222,1,221,1,,,,,,,,,,,,,,,,,,,,,,,,,,,,,,,,
294,38005402,AIGLETON-NIVOSE,45.231,6.038167,2240,2024-05-21,,,,,,,,,,,,,,,,,,,,,,,,,,,,,,,88,9,,,,,6.4,9,,,2.7,9,,,,,215,1,214,1,,,,,,,,,,,,,,,,,,,,,,,,,,,,,,,,
295,38005402,AIGLETON-NIVOSE,45.231,6.038167,2240,2024-05-22,,,,,,,,,,,,,,,,,,,,,,,,,,,,,,,91,9,,,,,6.4,9,,,2.1,9,,,,,209,1,208,1,,,,,,,,,,,,,,,,,,,,,,,,,,,,,,,,
296,38005402,AIGLETON-NIVOSE,45.231,6.038167,2240,2024-05-23,,,,,,,,,,,,,,,,,,,,,,,,,,,,,,,90,9,,,,,6.1,9,,,1.8,9,,,,,203,1,202,1,,,,,,,,,,,,,,,,,,,,,,,,,,,,,,,,
297,38005402,AIGLETON-NIVOSE,45.231,6.038167,2240,2024-05-24,,,,,,,,,,,,,,,,,,,,,,,,,,,,,,,88,9,,,,,5.9,9,,,1.9,9,,,,,203,1,202,1,,,,,,,,,,,,,,,,,,,,,,,,,,,,,,,,
298,38005402,AIGLETON-NIVOSE,45.231,6.038167,2240,2024-05-25,,,,,,,,,,,,,,,,,,,,,,,,,,,,,,,82,9,,,,,6.5,9,,,2.9,9,,,,,200,1,200,1,,,,,,,,,,,,,,,,,,,,,,,,,,,,,,,,
299,38005402,AIGLETON-NIVOSE,45.231,6.038167,2240,2024-05-26,,,,,,,,,,,,,,,,,,,,,,,,,,,,,,,68,9,,,,,6.5,9,,,3.2,9,,,,,194,1,193,1,,,,,,,,,,,,,,,,,,,,,,,,,,,,,,,,
300,38005402,AIGLETON-NIVOSE,45.231,6.038167,2240,2024-05-27,,,,,,,,,,,,,,,,,,,,,,,,,,,,,,,90,9,,,,,7.5,9,,,1.9,9,,,,,187,1,186,1,,,,,,,,,,,,,,,,,,,,,,,,,,,,,,,,
301,38005402,AIGLETON-NIVOSE,45.231,6.038167,2240,2024-05-28,,,,,,,,,,,,,,,,,,,,,,,,,,,,,,,66,9,,,,,5.1,9,,,3.8,9,,,,,180,1,180,1,,,,,,,,,,,,,,,,,,,,,,,,,,,,,,,,
302,38005402,AIGLETON-NIVOSE,45.231,6.038167,2240,2024-05-29,,,,,,,,,,,,,,,,,,,,,,,,,,,,,,,68,9,,,,,6.3,9,,,2.8,9,,,,,173,1,172,1,,,,,,,,,,,,,,,,,,,,,,,,,,,,,,,,
303,38005402,AIGLETON-NIVOSE,45.231,6.038167,2240,2024-05-30,,,,,,,,,,,,,,,,,,,,,,,,,,,,,,,96,9,,,,,7.5,9,,,2.4,9,,,,,167,1,167,1,,,,,,,,,,,,,,,,,,,,,,,,,,,,,,,,
304,38005402,AIGLETON-NIVOSE,45.231,6.038167,2240,2024-05-31,,,,,,,,,,,,,,,,,,,,,,,,,,,,,,,91,9,,,,,5.3,9,,,1.9,9,,,,,173,1,165,1,,,,,,,,,,,,,,,,,,,,,,,,,,,,,,,,
305,38005402,AIGLETON-NIVOSE,45.231,6.038167,2240,2024-06-01,,,,,,,,,,,,,,,,,,,,,,,,,,,,,,,82,9,,,,,6.0,9,,,2.4,9,,,,,172,1,171,1,,,,,,,,,,,,,,,,,,,,,,,,,,,,,,,,
306,38005402,AIGLETON-NIVOSE,45.231,6.038167,2240,2024-06-02,,,,,,,,,,,,,,,,,,,,,,,,,,,,,,,72,9,,,,,6.1,9,,,2.4,9,,,,,163,1,162,1,,,,,,,,,,,,,,,,,,,,,,,,,,,,,,,,
307,38005402,AIGLETON-NIVOSE,45.231,6.038167,2240,2024-06-03,,,,,,,,,,,,,,,,,,,,,,,,,,,,,,,96,9,,,,,8.1,9,,,2.3,9,,,,,155,1,155,1,,,,,,,,,,,,,,,,,,,,,,,,,,,,,,,,
308,38005402,AIGLETON-NIVOSE,45.231,6.038167,2240,2024-06-04,,,,,,,,,,,,,,,,,,,,,,,,,,,,,,,82,9,,,,,7.8,9,,,3.3,9,,,,,148,1,147,1,,,,,,,,,,,,,,,,,,,,,,,,,,,,,,,,
309,38005402,AIGLETON-NIVOSE,45.231,6.038167,2240,2024-06-05,,,,,,,,,,,,,,,,,,,,,,,,,,,,,,,76,9,,,,,8.2,9,,,3.9,9,,,,,141,1,141,1,,,,,,,,,,,,,,,,,,,,,,,,,,,,,,,,
310,38005402,AIGLETON-NIVOSE,45.231,6.038167,2240,2024-06-06,,,,,,,,,,,,,,,,,,,,,,,,,,,,,,,77,9,,,,,8.6,9,,,3.1,9,,,,,133,1,132,1,,,,,,,,,,,,,,,,,,,,,,,,,,,,,,,,
311,38005402,AIGLETON-NIVOSE,45.231,6.038167,2240,2024-06-07,,,,,,,,,,,,,,,,,,,,,,,,,,,,,,,74,9,,,,,8.9,9,,,3.4,9,,,,,126,1,123,1,,,,,,,,,,,,,,,,,,,,,,,,,,,,,,,,
312,38005402,AIGLETON-NIVOSE,45.231,6.038167,2240,2024-06-08,,,,,,,,,,,,,,,,,,,,,,,,,,,,,,,67,9,,,,,8.3,9,,,3.2,9,,,,,117,1,116,1,,,,,,,,,,,,,,,,,,,,,,,,,,,,,,,,
313,38005402,AIGLETON-NIVOSE,45.231,6.038167,2240,2024-06-09,,,,,,,,,,,,,,,,,,,,,,,,,,,,,,,68,9,,,,,7.8,9,,,3.5,9,,,,,110,1,108,1,,,,,,,,,,,,,,,,,,,,,,,,,,,,,,,,
314,38005402,AIGLETON-NIVOSE,45.231,6.038167,2240,2024-06-10,,,,,,,,,,,,,,,,,,,,,,,,,,,,,,,91,9,,,,,7.6,9,,,2.8,9,,,,,102,1,99,1,,,,,,,,,,,,,,,,,,,,,,,,,,,,,,,,
315,38005402,AIGLETON-NIVOSE,45.231,6.038167,2240,2024-06-11,,,,,,,,,,,,,,,,,,,,,,,,,,,,,,,89,9,,,,,6.7,9,,,2.8,9,,,,,91,1,90,1,,,,,,,,,,,,,,,,,,,,,,,,,,,,,,,,
316,38005402,AIGLETON-NIVOSE,45.231,6.038167,2240,2024-06-12,,,,,,,,,,,,,,,,,,,,,,,,,,,,,,,91,9,,,,,6.1,9,,,3.0,9,,,,,83,1,82,1,,,,,,,,,,,,,,,,,,,,,,,,,,,,,,,,
317,38005402,AIGLETON-NIVOSE,45.231,6.038167,2240,2024-06-13,,,,,,,,,,,,,,,,,,,,,,,,,,,,,,,79,9,,,,,6.5,9,,,3.6,9,,,,,75,1,75,1,,,,,,,,,,,,,,,,,,,,,,,,,,,,,,,,
318,38005402,AIGLETON-NIVOSE,45.231,6.038167,2240,2024-06-14,,,,,,,,,,,,,,,,,,,,,,,,,,,,,,,88,9,,,,,7.6,9,,,1.8,9,,,,,70,1,69,1,,,,,,,,,,,,,,,,,,,,,,,,,,,,,,,,
319,38005402,AIGLETON-NIVOSE,45.231,6.038167,2240,2024-06-15,,,,,,,,,,,,,,,,,,,,,,,,,,,,,,,94,9,,,,,8.0,9,,,1.6,9,,,,,67,1,64,1,,,,,,,,,,,,,,,,,,,,,,,,,,,,,,,,
320,38005402,AIGLETON-NIVOSE,45.231,6.038167,2240,2024-06-16,,,,,,,,,,,,,,,,,,,,,,,,,,,,,,,71,9,,,,,7.0,9,,,3.4,9,,,,,61,1,61,1,,,,,,,,,,,,,,,,,,,,,,,,,,,,,,,,
321,38005402,AIGLETON-NIVOSE,45.231,6.038167,2240,2024-06-17,,,,,,,,,,,,,,,,,,,,,,,,,,,,,,,59,9,,,,,7.4,9,,,4.7,9,,,,,54,1,51,1,,,,,,,,,,,,,,,,,,,,,,,,,,,,,,,,
322,38005402,AIGLETON-NIVOSE,45.231,6.038167,2240,2024-06-18,,,,,,,,,,,,,,,,,,,,,,,,,,,,,,,50,9,,,,,7.2,9,,,5.6,9,,,,,42,1,41,1,,,,,,,,,,,,,,,,,,,,,,,,,,,,,,,,
323,38005402,AIGLETON-NIVOSE,45.231,6.038167,2240,2024-06-19,,,,,,,,,,,,,,,,,,,,,,,,,,,,,,,59,9,,,,,8.9,9,,,4.9,9,,,,,32,1,29,1,,,,,,,,,,,,,,,,,,,,,,,,,,,,,,,,
324,38005402,AIGLETON-NIVOSE,45.231,6.038167,2240,2024-06-20,,,,,,,,,,,,,,,,,,,,,,,,,,,,,,,80,9,,,,,10.1,9,,,2.6,9,,,,,14,1,12,1,,,,,,,,,,,,,,,,,,,,,,,,,,,,,,,,
325,38005402,AIGLETON-NIVOSE,45.231,6.038167,2240,2024-06-21,,,,,,,,,,,,,,,,,,,,,,,,,,,,,,,84,9,,,,,8.6,9,,,2.3,9,,,,,0,1,0,1,,,,,,,,,,,,,,,,,,,,,,,,,,,,,,,,
326,38005402,AIGLETON-NIVOSE,45.231,6.038167,2240,2024-06-22,,,,,,,,,,,,,,,,,,,,,,,,,,,,,,,89,9,,,,,7.5,9,,,2.5,9,,,,,0,1,0,1,,,,,,,,,,,,,,,,,,,,,,,,,,,,,,,,
327,38005402,AIGLETON-NIVOSE,45.231,6.038167,2240,2024-06-23,,,,,,,,,,,,,,,,,,,,,,,,,,,,,,,97,9,,,,,7.9,9,,,1.8,9,,,,,0,1,0,1,,,,,,,,,,,,,,,,,,,,,,,,,,,,,,,,
328,38005402,AIGLETON-NIVOSE,45.231,6.038167,2240,2024-06-24,,,,,,,,,,,,,,,,,,,,,,,,,,,,,,,66,9,,,,,8.1,9,,,3.0,9,,,,,0,1,0,1,,,,,,,,,,,,,,,,,,,,,,,,,,,,,,,,
329,38005402,AIGLETON-NIVOSE,45.231,6.038167,2240,2024-06-25,,,,,,,,,,,,,,,,,,,,,,,,,,,,,,,75,9,,,,,9.4,9,,,3.0,9,,,,,0,1,0,1,,,,,,,,,,,,,,,,,,,,,,,,,,,,,,,,
330,38005402,AIGLETON-NIVOSE,45.231,6.038167,2240,2024-06-26,,,,,,,,,,,,,,,,,,,,,,,,,,,,,,,81,9,,,,,10.2,9,,,3.7,9,,,,,0,1,0,1,,,,,,,,,,,,,,,,,,,,,,,,,,,,,,,,
331,38005402,AIGLETON-NIVOSE,45.231,6.038167,2240,2024-06-27,,,,,,,,,,,,,,,,,,,,,,,,,,,,,,,71,9,,,,,10.5,9,,,4.5,9,,,,,0,1,0,1,,,,,,,,,,,,,,,,,,,,,,,,,,,,,,,,
332,38005402,AIGLETON-NIVOSE,45.231,6.038167,2240,2024-06-28,,,,,,,,,,,,,,,,,,,,,,,,,,,,,,,65,9,,,,,11.4,9,,,4.3,9,,,,,0,1,0,1,,,,,,,,,,,,,,,,,,,,,,,,,,,,,,,,
333,38005402,AIGLETON-NIVOSE,45.231,6.038167,2240,2024-06-29,,,,,,,,,,,,,,,,,,,,,,,,,,,,,,,56,9,,,,,9.2,9,,,5.0,9,,,,,0,1,0,1,,,,,,,,,,,,,,,,,,,,,,,,,,,,,,,,
334,38005402,AIGLETON-NIVOSE,45.231,6.038167,2240,2024-06-30,,,,,,,,,,,,,,,,,,,,,,,,,,,,,,,91,9,,,,,10.6,9,,,2.8,9,,,,,0,1,0,1,,,,,,,,,,,,,,,,,,,,,,,,,,,,,,,,
335,38005402,AIGLETON-NIVOSE,45.231,6.038167,2240,2024-07-01,,,,,,,,,,,,,,,,,,,,,,,,,,,,,,,92,9,,,,,9.5,9,,,3.8,9,,,,,0,1,0,1,,,,,,,,,,,,,,,,,,,,,,,,,,,,,,,,
336,38005402,AIGLETON-NIVOSE,45.231,6.038167,2240,2024-07-02,,,,,,,,,,,,,,,,,,,,,,,,,,,,,,,95,9,,,,,8.2,9,,,3.2,9,,,,,0,1,0,1,,,,,,,,,,,,,,,,,,,,,,,,,,,,,,,,
337,38005402,AIGLETON-NIVOSE,45.231,6.038167,2240,2024-07-03,,,,,,,,,,,,,,,,,,,,,,,,,,,,,,,90,9,,,,,7.4,9,,,3.0,9,,,,,0,1,0,1,,,,,,,,,,,,,,,,,,,,,,,,,,,,,,,,
338,38005402,AIGLETON-NIVOSE,45.231,6.038167,2240,2024-07-04,,,,,,,,,,,,,,,,,,,,,,,,,,,,,,,79,9,,,,,8.1,9,,,3.7,9,,,,,0,1,0,1,,,,,,,,,,,,,,,,,,,,,,,,,,,,,,,,
339,38005402,AIGLETON-NIVOSE,45.231,6.038167,2240,2024-07-05,,,,,,,,,,,,,,,,,,,,,,,,,,,,,,,56,9,,,,,8.6,9,,,4.4,9,,,,,0,1,0,1,,,,,,,,,,,,,,,,,,,,,,,,,,,,,,,,
340,38005402,AIGLETON-NIVOSE,45.231,6.038167,2240,2024-07-06,,,,,,,,,,,,,,,,,,,,,,,,,,,,,,,88,9,,,,,10.4,9,,,2.0,9,,,,,0,1,0,1,,,,,,,,,,,,,,,,,,,,,,,,,,,,,,,,
341,38005402,AIGLETON-NIVOSE,45.231,6.038167,2240,2024-07-07,,,,,,,,,,,,,,,,,,,,,,,,,,,,,,,90,9,,,,,10.1,9,,,3.0,9,,,,,0,1,0,1,,,,,,,,,,,,,,,,,,,,,,,,,,,,,,,,
342,38005402,AIGLETON-NIVOSE,45.231,6.038167,2240,2024-07-08,,,,,,,,,,,,,,,,,,,,,,,,,,,,,,,68,9,,,,,9.2,9,,,4.1,9,,,,,0,1,0,1,,,,,,,,,,,,,,,,,,,,,,,,,,,,,,,,
343,38005402,AIGLETON-NIVOSE,45.231,6.038167,2240,2024-07-09,,,,,,,,,,,,,,,,,,,,,,,,,,,,,,,57,9,,,,,8.9,9,,,5.2,9,,,,,0,1,0,1,,,,,,,,,,,,,,,,,,,,,,,,,,,,,,,,
344,38005402,AIGLETON-NIVOSE,45.231,6.038167,2240,2024-07-10,,,,,,,,,,,,,,,,,,,,,,,,,,,,,,,67,9,,,,,10.8,9,,,4.3,9,,,,,0,1,0,1,,,,,,,,,,,,,,,,,,,,,,,,,,,,,,,,
345,38005402,AIGLETON-NIVOSE,45.231,6.038167,2240,2024-07-11,,,,,,,,,,,,,,,,,,,,,,,,,,,,,,,71,9,,,,,11.5,9,,,4.5,9,,,,,0,1,0,1,,,,,,,,,,,,,,,,,,,,,,,,,,,,,,,,
346,38005402,AIGLETON-NIVOSE,45.231,6.038167,2240,2024-07-12,,,,,,,,,,,,,,,,,,,,,,,,,,,,,,,90,9,,,,,10.8,9,,,2.3,9,,,,,0,1,0,1,,,,,,,,,,,,,,,,,,,,,,,,,,,,,,,,
347,38005402,AIGLETON-NIVOSE,45.231,6.038167,2240,2024-07-13,,,,,,,,,,,,,,,,,,,,,,,,,,,,,,,63,9,,,,,6.9,9,,,3.3,9,,,,,0,1,0,1,,,,,,,,,,,,,,,,,,,,,,,,,,,,,,,,
348,38005402,AIGLETON-NIVOSE,45.231,6.038167,2240,2024-07-14,,,,,,,,,,,,,,,,,,,,,,,,,,,,,,,57,9,,,,,8.2,9,,,4.1,9,,,,,0,1,0,1,,,,,,,,,,,,,,,,,,,,,,,,,,,,,,,,
349,38005402,AIGLETON-NIVOSE,45.231,6.038167,2240,2024-07-15,,,,,,,,,,,,,,,,,,,,,,,,,,,,,,,61,9,,,,,9.9,9,,,5.0,9,,,,,0,1,0,1,,,,,,,,,,,,,,,,,,,,,,,,,,,,,,,,
350,38005402,AIGLETON-NIVOSE,45.231,6.038167,2240,2024-07-16,,,,,,,,,,,,,,,,,,,,,,,,,,,,,,,85,9,,,,,11.3,9,,,4.0,9,,,,,0,1,0,1,,,,,,,,,,,,,,,,,,,,,,,,,,,,,,,,
351,38005402,AIGLETON-NIVOSE,45.231,6.038167,2240,2024-07-17,,,,,,,,,,,,,,,,,,,,,,,,,,,,,,,79,9,,,,,10.5,9,,,3.8,9,,,,,0,1,0,1,,,,,,,,,,,,,,,,,,,,,,,,,,,,,,,,
352,38005402,AIGLETON-NIVOSE,45.231,6.038167,2240,2024-07-18,,,,,,,,,,,,,,,,,,,,,,,,,,,,,,,54,9,,,,,9.0,9,,,4.7,9,,,,,0,1,0,1,,,,,,,,,,,,,,,,,,,,,,,,,,,,,,,,
353,38005402,AIGLETON-NIVOSE,45.231,6.038167,2240,2024-07-19,,,,,,,,,,,,,,,,,,,,,,,,,,,,,,,47,9,,,,,7.5,9,,,3.9,9,,,,,0,1,0,1,,,,,,,,,,,,,,,,,,,,,,,,,,,,,,,,
354,38005402,AIGLETON-NIVOSE,45.231,6.038167,2240,2024-07-20,,,,,,,,,,,,,,,,,,,,,,,,,,,,,,,50,9,,,,,8.7,9,,,5.3,9,,,,,0,1,0,1,,,,,,,,,,,,,,,,,,,,,,,,,,,,,,,,
355,38005402,AIGLETON-NIVOSE,45.231,6.038167,2240,2024-07-21,,,,,,,,,,,,,,,,,,,,,,,,,,,,,,,86,9,,,,,10.3,9,,,2.0,9,,,,,0,1,0,1,,,,,,,,,,,,,,,,,,,,,,,,,,,,,,,,
356,38005402,AIGLETON-NIVOSE,45.231,6.038167,2240,2024-07-22,,,,,,,,,,,,,,,,,,,,,,,,,,,,,,,97,9,,,,,11.5,9,,,2.8,9,,,,,0,1,0,1,,,,,,,,,,,,,,,,,,,,,,,,,,,,,,,,
357,38005402,AIGLETON-NIVOSE,45.231,6.038167,2240,2024-07-23,,,,,,,,,,,,,,,,,,,,,,,,,,,,,,,80,9,,,,,10.8,9,,,4.0,9,,,,,0,1,0,1,,,,,,,,,,,,,,,,,,,,,,,,,,,,,,,,
358,38005402,AIGLETON-NIVOSE,45.231,6.038167,2240,2024-07-24,,,,,,,,,,,,,,,,,,,,,,,,,,,,,,,83,9,,,,,10.2,9,,,3.9,9,,,,,0,1,0,1,,,,,,,,,,,,,,,,,,,,,,,,,,,,,,,,
359,38005402,AIGLETON-NIVOSE,45.231,6.038167,2240,2024-07-25,,,,,,,,,,,,,,,,,,,,,,,,,,,,,,,70,9,,,,,10.9,9,,,3.5,9,,,,,0,1,0,1,,,,,,,,,,,,,,,,,,,,,,,,,,,,,,,,
360,38005402,AIGLETON-NIVOSE,45.231,6.038167,2240,2024-07-26,,,,,,,,,,,,,,,,,,,,,,,,,,,,,,,79,9,,,,,12.6,9,,,4.3,9,,,,,0,1,0,1,,,,,,,,,,,,,,,,,,,,,,,,,,,,,,,,
361,38005402,AIGLETON-NIVOSE,45.231,6.038167,2240,2024-07-27,,,,,,,,,,,,,,,,,,,,,,,,,,,,,,,55,9,,,,,9.8,9,,,5.2,9,,,,,0,1,0,1,,,,,,,,,,,,,,,,,,,,,,,,,,,,,,,,
362,38005402,AIGLETON-NIVOSE,45.231,6.038167,2240,2024-07-28,,,,,,,,,,,,,,,,,,,,,,,,,,,,,,,55,9,,,,,10.7,9,,,4.9,9,,,,,0,1,0,1,,,,,,,,,,,,,,,,,,,,,,,,,,,,,,,,
363,38005402,AIGLETON-NIVOSE,45.231,6.038167,2240,2024-07-29,,,,,,,,,,,,,,,,,,,,,,,,,,,,,,,40,9,,,,,8.5,9,,,5.7,9,,,,,0,1,0,1,,,,,,,,,,,,,,,,,,,,,,,,,,,,,,,,
364,38005402,AIGLETON-NIVOSE,45.231,6.038167,2240,2024-07-30,,,,,,,,,,,,,,,,,,,,,,,,,,,,,,,47,9,,,,,9.9,9,,,5.7,9,,,,,0,1,0,1,,,,,,,,,,,,,,,,,,,,,,,,,,,,,,,,
365,38005402,AIGLETON-NIVOSE,45.231,6.038167,2240,2024-07-31,,,,,,,,,,,,,,,,,,,,,,,,,,,,,,,62,9,,,,,12.5,9,,,4.9,9,,,,,0,1,0,1,,,,,,,,,,,,,,,,,,,,,,,,,,,,,,,,
366,38005402,AIGLETON-NIVOSE,45.231,6.038167,2240,2024-08-01,,,,,,,,,,,,,,,,,,,,,,,,,,,,,,,72,9,,,,,12.4,9,,,4.7,9,,,,,0,1,0,1,,,,,,,,,,,,,,,,,,,,,,,,,,,,,,,,
367,38005402,AIGLETON-NIVOSE,45.231,6.038167,2240,2024-08-02,,,,,,,,,,,,,,,,,,,,,,,,,,,,,,,78,9,,,,,12.0,9,,,4.2,9,,,,,0,1,0,1,,,,,,,,,,,,,,,,,,,,,,,,,,,,,,,,
368,38005402,AIGLETON-NIVOSE,45.231,6.038167,2240,2024-08-03,,,,,,,,,,,,,,,,,,,,,,,,,,,,,,,85,9,,,,,11.1,9,,,3.8,9,,,,,0,1,0,1,,,,,,,,,,,,,,,,,,,,,,,,,,,,,,,,
369,38005402,AIGLETON-NIVOSE,45.231,6.038167,2240,2024-08-04,,,,,,,,,,,,,,,,,,,,,,,,,,,,,,,77,9,,,,,10.7,9,,,3.5,9,,,,,0,1,0,1,,,,,,,,,,,,,,,,,,,,,,,,,,,,,,,,
370,38005402,AIGLETON-NIVOSE,45.231,6.038167,2240,2024-08-05,,,,,,,,,,,,,,,,,,,,,,,,,,,,,,,57,9,,,,,9.7,9,,,3.9,9,,,,,0,1,0,1,,,,,,,,,,,,,,,,,,,,,,,,,,,,,,,,
371,38005402,AIGLETON-NIVOSE,45.231,6.038167,2240,2024-08-06,,,,,,,,,,,,,,,,,,,,,,,,,,,,,,,43,9,,,,,7.8,9,,,4.9,9,,,,,0,1,0,1,,,,,,,,,,,,,,,,,,,,,,,,,,,,,,,,
372,38005402,AIGLETON-NIVOSE,45.231,6.038167,2240,2024-08-07,,,,,,,,,,,,,,,,,,,,,,,,,,,,,,,58,9,,,,,9.0,9,,,3.7,9,,,,,0,1,0,1,,,,,,,,,,,,,,,,,,,,,,,,,,,,,,,,
373,38005402,AIGLETON-NIVOSE,45.231,6.038167,2240,2024-08-08,,,,,,,,,,,,,,,,,,,,,,,,,,,,,,,64,9,,,,,10.3,9,,,4.2,9,,,,,0,1,0,1,,,,,,,,,,,,,,,,,,,,,,,,,,,,,,,,
374,38005402,AIGLETON-NIVOSE,45.231,6.038167,2240,2024-08-09,,,,,,,,,,,,,,,,,,,,,,,,,,,,,,,48,9,,,,,8.6,9,,,5.0,9,,,,,0,1,0,1,,,,,,,,,,,,,,,,,,,,,,,,,,,,,,,,
375,38005402,AIGLETON-NIVOSE,45.231,6.038167,2240,2024-08-10,,,,,,,,,,,,,,,,,,,,,,,,,,,,,,,53,9,,,,,10.5,9,,,4.6,9,,,,,0,1,0,1,,,,,,,,,,,,,,,,,,,,,,,,,,,,,,,,
376,38005402,AIGLETON-NIVOSE,45.231,6.038167,2240,2024-08-11,,,,,,,,,,,,,,,,,,,,,,,,,,,,,,,72,9,,,,,13.7,9,,,4.2,9,,,,,0,1,0,1,,,,,,,,,,,,,,,,,,,,,,,,,,,,,,,,
377,38005402,AIGLETON-NIVOSE,45.231,6.038167,2240,2024-08-12,,,,,,,,,,,,,,,,,,,,,,,,,,,,,,,65,9,,,,,11.9,9,,,5.0,9,,,,,0,1,0,1,,,,,,,,,,,,,,,,,,,,,,,,,,,,,,,,
378,38005402,AIGLETON-NIVOSE,45.231,6.038167,2240,2024-08-13,,,,,,,,,,,,,,,,,,,,,,,,,,,,,,,67,9,,,,,11.3,9,,,4.7,9,,,,,0,1,0,1,,,,,,,,,,,,,,,,,,,,,,,,,,,,,,,,
379,38005402,AIGLETON-NIVOSE,45.231,6.038167,2240,2024-08-14,,,,,,,,,,,,,,,,,,,,,,,,,,,,,,,69,9,,,,,10.3,9,,,3.0,9,,,,,0,1,0,1,,,,,,,,,,,,,,,,,,,,,,,,,,,,,,,,
380,38005402,AIGLETON-NIVOSE,45.231,6.038167,2240,2024-08-15,,,,,,,,,,,,,,,,,,,,,,,,,,,,,,,68,9,,,,,10.1,9,,,3.1,9,,,,,0,1,0,1,,,,,,,,,,,,,,,,,,,,,,,,,,,,,,,,
381,38005402,AIGLETON-NIVOSE,45.231,6.038167,2240,2024-08-16,,,,,,,,,,,,,,,,,,,,,,,,,,,,,,,86,9,,,,,12.1,9,,,2.4,9,,,,,0,1,0,1,,,,,,,,,,,,,,,,,,,,,,,,,,,,,,,,
382,38005402,AIGLETON-NIVOSE,45.231,6.038167,2240,2024-08-17,,,,,,,,,,,,,,,,,,,,,,,,,,,,,,,94,9,,,,,12.2,9,,,2.1,9,,,,,0,1,0,1,,,,,,,,,,,,,,,,,,,,,,,,,,,,,,,,
383,38005402,AIGLETON-NIVOSE,45.231,6.038167,2240,2024-08-18,,,,,,,,,,,,,,,,,,,,,,,,,,,,,,,96,9,,,,,9.7,9,,,1.5,9,,,,,0,1,0,1,,,,,,,,,,,,,,,,,,,,,,,,,,,,,,,,
384,38005402,AIGLETON-NIVOSE,45.231,6.038167,2240,2024-08-19,,,,,,,,,,,,,,,,,,,,,,,,,,,,,,,92,9,,,,,10.8,9,,,2.1,9,,,,,0,1,0,1,,,,,,,,,,,,,,,,,,,,,,,,,,,,,,,,
385,38005402,AIGLETON-NIVOSE,45.231,6.038167,2240,2024-08-20,,,,,,,,,,,,,,,,,,,,,,,,,,,,,,,68,9,,,,,10.0,9,,,3.6,9,,,,,0,1,0,1,,,,,,,,,,,,,,,,,,,,,,,,,,,,,,,,
386,38005402,AIGLETON-NIVOSE,45.231,6.038167,2240,2024-08-21,,,,,,,,,,,,,,,,,,,,,,,,,,,,,,,73,9,,,,,8.6,9,,,3.0,9,,,,,0,1,0,1,,,,,,,,,,,,,,,,,,,,,,,,,,,,,,,,
387,38005402,AIGLETON-NIVOSE,45.231,6.038167,2240,2024-08-22,,,,,,,,,,,,,,,,,,,,,,,,,,,,,,,55,9,,,,,8.6,9,,,3.6,9,,,,,0,1,0,1,,,,,,,,,,,,,,,,,,,,,,,,,,,,,,,,
388,38005402,AIGLETON-NIVOSE,45.231,6.038167,2240,2024-08-23,,,,,,,,,,,,,,,,,,,,,,,,,,,,,,,52,9,,,,,8.5,9,,,4.3,9,,,,,0,1,0,1,,,,,,,,,,,,,,,,,,,,,,,,,,,,,,,,
389,38005402,AIGLETON-NIVOSE,45.231,6.038167,2240,2024-08-24,,,,,,,,,,,,,,,,,,,,,,,,,,,,,,,50,9,,,,,8.6,9,,,5.3,9,,,,,0,1,0,1,,,,,,,,,,,,,,,,,,,,,,,,,,,,,,,,
390,38005402,AIGLETON-NIVOSE,45.231,6.038167,2240,2024-08-25,,,,,,,,,,,,,,,,,,,,,,,,,,,,,,,73,9,,,,,10.2,9,,,2.3,9,,,,,0,1,0,1,,,,,,,,,,,,,,,,,,,,,,,,,,,,,,,,
391,38005402,AIGLETON-NIVOSE,45.231,6.038167,2240,2024-08-26,,,,,,,,,,,,,,,,,,,,,,,,,,,,,,,80,9,,,,,10.0,9,,,2.5,9,,,,,0,1,0,1,,,,,,,,,,,,,,,,,,,,,,,,,,,,,,,,
392,38005402,AIGLETON-NIVOSE,45.231,6.038167,2240,2024-08-27,,,,,,,,,,,,,,,,,,,,,,,,,,,,,,,62,9,,,,,9.3,9,,,3.6,9,,,,,0,1,0,1,,,,,,,,,,,,,,,,,,,,,,,,,,,,,,,,
393,38005402,AIGLETON-NIVOSE,45.231,6.038167,2240,2024-08-28,,,,,,,,,,,,,,,,,,,,,,,,,,,,,,,66,9,,,,,10.3,9,,,3.7,9,,,,,0,1,0,1,,,,,,,,,,,,,,,,,,,,,,,,,,,,,,,,
394,38005402,AIGLETON-NIVOSE,45.231,6.038167,2240,2024-08-29,,,,,,,,,,,,,,,,,,,,,,,,,,,,,,,71,9,,,,,11.4,9,,,3.5,9,,,,,0,1,0,1,,,,,,,,,,,,,,,,,,,,,,,,,,,,,,,,
395,38005402,AIGLETON-NIVOSE,45.231,6.038167,2240,2024-08-30,,,,,,,,,,,,,,,,,,,,,,,,,,,,,,,74,9,,,,,11.9,9,,,3.5,9,,,,,0,1,0,1,,,,,,,,,,,,,,,,,,,,,,,,,,,,,,,,
396,38005402,AIGLETON-NIVOSE,45.231,6.038167,2240,2024-08-31,,,,,,,,,,,,,,,,,,,,,,,,,,,,,,,67,9,,,,,10.9,9,,,3.7,9,,,,,0,1,0,1,,,,,,,,,,,,,,,,,,,,,,,,,,,,,,,,
397,38005402,AIGLETON-NIVOSE,45.231,6.038167,2240,2024-09-01,,,,,,,,,,,,,,,,,,,,,,,,,,,,,,,71,9,,,,,10.0,9,,,3.6,9,,,,,0,1,0,1,,,,,,,,,,,,,,,,,,,,,,,,,,,,,,,,
398,38005402,AIGLETON-NIVOSE,45.231,6.038167,2240,2024-09-02,,,,,,,,,,,,,,,,,,,,,,,,,,,,,,,77,9,,,,,9.9,9,,,2.7,9,,,,,0,1,0,1,,,,,,,,,,,,,,,,,,,,,,,,,,,,,,,,
399,38005402,AIGLETON-NIVOSE,45.231,6.038167,2240,2024-09-03,,,,,,,,,,,,,,,,,,,,,,,,,,,,,,,83,9,,,,,11.1,9,,,2.7,9,,,,,0,1,0,1,,,,,,,,,,,,,,,,,,,,,,,,,,,,,,,,
400,38005402,AIGLETON-NIVOSE,45.231,6.038167,2240,2024-09-04,,,,,,,,,,,,,,,,,,,,,,,,,,,,,,,92,9,,,,,10.8,9,,,1.5,9,,,,,0,1,0,1,,,,,,,,,,,,,,,,,,,,,,,,,,,,,,,,
401,38005402,AIGLETON-NIVOSE,45.231,6.038167,2240,2024-09-05,,,,,,,,,,,,,,,,,,,,,,,,,,,,,,,97,9,,,,,9.7,9,,,1.0,9,,,,,0,1,0,1,,,,,,,,,,,,,,,,,,,,,,,,,,,,,,,,
402,38005402,AIGLETON-NIVOSE,45.231,6.038167,2240,2024-09-06,,,,,,,,,,,,,,,,,,,,,,,,,,,,,,,68,9,,,,,8.2,9,,,2.9,9,,,,,0,1,0,1,,,,,,,,,,,,,,,,,,,,,,,,,,,,,,,,
403,38005402,AIGLETON-NIVOSE,45.231,6.038167,2240,2024-09-07,,,,,,,,,,,,,,,,,,,,,,,,,,,,,,,50,9,,,,,7.5,9,,,4.3,9,,,,,0,1,0,1,,,,,,,,,,,,,,,,,,,,,,,,,,,,,,,,
404,38005402,AIGLETON-NIVOSE,45.231,6.038167,2240,2024-09-08,,,,,,,,,,,,,,,,,,,,,,,,,,,,,,,91,9,,,,,9.5,9,,,1.2,9,,,,,0,1,0,1,,,,,,,,,,,,,,,,,,,,,,,,,,,,,,,,
405,38005402,AIGLETON-NIVOSE,45.231,6.038167,2240,2024-09-09,,,,,,,,,,,,,,,,,,,,,,,,,,,,,,,100,9,,,,,8.2,9,,,0.7,9,,,,,0,1,0,1,,,,,,,,,,,,,,,,,,,,,,,,,,,,,,,,
406,38005402,AIGLETON-NIVOSE,45.231,6.038167,2240,2024-09-10,,,,,,,,,,,,,,,,,,,,,,,,,,,,,,,60,9,,,,,5.3,9,,,2.8,9,,,,,0,1,0,1,,,,,,,,,,,,,,,,,,,,,,,,,,,,,,,,
407,38005402,AIGLETON-NIVOSE,45.231,6.038167,2240,2024-09-11,,,,,,,,,,,,,,,,,,,,,,,,,,,,,,,73,9,,,,,6.4,9,,,1.9,9,,,,,0,1,0,1,,,,,,,,,,,,,,,,,,,,,,,,,,,,,,,,
408,38005402,AIGLETON-NIVOSE,45.231,6.038167,2240,2024-09-12,,,,,,,,,,,,,,,,,,,,,,,,,,,,,,,95,9,,,,,5.0,9,,,1.6,9,,,,,3,1,0,1,,,,,,,,,,,,,,,,,,,,,,,,,,,,,,,,
409,38005402,AIGLETON-NIVOSE,45.231,6.038167,2240,2024-09-13,,,,,,,,,,,,,,,,,,,,,,,,,,,,,,,97,9,,,,,4.5,9,,,1.3,9,,,,,6,1,3,1,,,,,,,,,,,,,,,,,,,,,,,,,,,,,,,,
410,38005402,AIGLETON-NIVOSE,45.231,6.038167,2240,2024-09-14,,,,,,,,,,,,,,,,,,,,,,,,,,,,,,,84,9,,,,,4.9,9,,,2.0,9,,,,,5,1,5,1,,,,,,,,,,,,,,,,,,,,,,,,,,,,,,,,
411,38005402,AIGLETON-NIVOSE,45.231,6.038167,2240,2024-09-15,,,,,,,,,,,,,,,,,,,,,,,,,,,,,,,36,9,,,,,3.8,9,,,2.7,9,,,,,2,1,1,1,,,,,,,,,,,,,,,,,,,,,,,,,,,,,,,,
412,38005402,AIGLETON-NIVOSE,45.231,6.038167,2240,2024-09-16,,,,,,,,,,,,,,,,,,,,,,,,,,,,,,,56,9,,,,,4.6,9,,,2.8,9,,,,,0,1,0,1,,,,,,,,,,,,,,,,,,,,,,,,,,,,,,,,
413,38005402,AIGLETON-NIVOSE,45.231,6.038167,2240,2024-09-17,,,,,,,,,,,,,,,,,,,,,,,,,,,,,,,64,9,,,,,6.2,9,,,1.4,9,,,,,0,1,0,1,,,,,,,,,,,,,,,,,,,,,,,,,,,,,,,,
414,38005402,AIGLETON-NIVOSE,45.231,6.038167,2240,2024-09-18,,,,,,,,,,,,,,,,,,,,,,,,,,,,,,,59,9,,,,,5.4,9,,,2.4,9,,,,,0,1,0,1,,,,,,,,,,,,,,,,,,,,,,,,,,,,,,,,
415,38005402,AIGLETON-NIVOSE,45.231,6.038167,2240,2024-09-19,,,,,,,,,,,,,,,,,,,,,,,,,,,,,,,63,9,,,,,6.2,9,,,2.6,9,,,,,0,1,0,1,,,,,,,,,,,,,,,,,,,,,,,,,,,,,,,,
416,38005402,AIGLETON-NIVOSE,45.231,6.038167,2240,2024-09-20,,,,,,,,,,,,,,,,,,,,,,,,,,,,,,,72,9,,,,,6.9,9,,,2.1,9,,,,,0,1,0,1,,,,,,,,,,,,,,,,,,,,,,,,,,,,,,,,
417,38005402,AIGLETON-NIVOSE,45.231,6.038167,2240,2024-09-21,,,,,,,,,,,,,,,,,,,,,,,,,,,,,,,72,9,,,,,7.2,9,,,2.3,9,,,,,0,1,0,1,,,,,,,,,,,,,,,,,,,,,,,,,,,,,,,,
418,38005402,AIGLETON-NIVOSE,45.231,6.038167,2240,2024-09-22,,,,,,,,,,,,,,,,,,,,,,,,,,,,,,,77,9,,,,,7.4,9,,,1.6,9,,,,,0,1,0,1,,,,,,,,,,,,,,,,,,,,,,,,,,,,,,,,
419,38005402,AIGLETON-NIVOSE,45.231,6.038167,2240,2024-09-23,,,,,,,,,,,,,,,,,,,,,,,,,,,,,,,94,9,,,,,7.6,9,,,1.4,9,,,,,0,1,0,1,,,,,,,,,,,,,,,,,,,,,,,,,,,,,,,,
420,38005402,AIGLETON-NIVOSE,45.231,6.038167,2240,2024-09-24,,,,,,,,,,,,,,,,,,,,,,,,,,,,,,,97,9,,,,,7.0,9,,,0.7,9,,,,,0,1,0,1,,,,,,,,,,,,,,,,,,,,,,,,,,,,,,,,
421,38005402,AIGLETON-NIVOSE,45.231,6.038167,2240,2024-09-25,,,,,,,,,,,,,,,,,,,,,,,,,,,,,,,81,9,,,,,6.6,9,,,1.8,9,,,,,0,1,0,1,,,,,,,,,,,,,,,,,,,,,,,,,,,,,,,,
422,38005402,AIGLETON-NIVOSE,45.231,6.038167,2240,2024-09-26,,,,,,,,,,,,,,,,,,,,,,,,,,,,,,,96,9,,,,,9.5,9,,,1.3,9,,,,,0,1,0,1,,,,,,,,,,,,,,,,,,,,,,,,,,,,,,,,
423,38005402,AIGLETON-NIVOSE,45.231,6.038167,2240,2024-09-27,,,,,,,,,,,,,,,,,,,,,,,,,,,,,,,91,9,,,,,6.8,9,,,1.4,9,,,,,0,1,0,1,,,,,,,,,,,,,,,,,,,,,,,,,,,,,,,,
424,38005402,AIGLETON-NIVOSE,45.231,6.038167,2240,2024-09-28,,,,,,,,,,,,,,,,,,,,,,,,,,,,,,,93,9,,,,,5.3,9,,,1.0,9,,,,,13,1,5,1,,,,,,,,,,,,,,,,,,,,,,,,,,,,,,,,
425,38005402,AIGLETON-NIVOSE,45.231,6.038167,2240,2024-09-29,,,,,,,,,,,,,,,,,,,,,,,,,,,,,,,56,9,,,,,4.6,9,,,2.1,9,,,,,12,1,10,1,,,,,,,,,,,,,,,,,,,,,,,,,,,,,,,,
426,38005402,AIGLETON-NIVOSE,45.231,6.038167,2240,2024-09-30,,,,,,,,,,,,,,,,,,,,,,,,,,,,,,,88,9,,,,,7.5,9,,,1.7,9,,,,,6,1,5,1,,,,,,,,,,,,,,,,,,,,,,,,,,,,,,,,
427,38005402,AIGLETON-NIVOSE,45.231,6.038167,2240,2024-10-01,,,,,,,,,,,,,,,,,,,,,,,,,,,,,,,82,9,,,,,7.8,9,,,1.3,9,,,,,0,1,0,1,,,,,,,,,,,,,,,,,,,,,,,,,,,,,,,,
428,38005402,AIGLETON-NIVOSE,45.231,6.038167,2240,2024-10-02,,,,,,,,,,,,,,,,,,,,,,,,,,,,,,,95,9,,,,,7.4,9,,,1.3,9,,,,,0,1,0,1,,,,,,,,,,,,,,,,,,,,,,,,,,,,,,,,
429,38005402,AIGLETON-NIVOSE,45.231,6.038167,2240,2024-10-03,,,,,,,,,,,,,,,,,,,,,,,,,,,,,,,98,9,,,,,6.0,9,,,0.9,9,,,,,3,1,0,1,,,,,,,,,,,,,,,,,,,,,,,,,,,,,,,,
430,38005402,AIGLETON-NIVOSE,45.231,6.038167,2240,2024-10-04,,,,,,,,,,,,,,,,,,,,,,,,,,,,,,,98,9,,,,,5.2,9,,,0.7,9,,,,,10,1,6,1,,,,,,,,,,,,,,,,,,,,,,,,,,,,,,,,
431,38005402,AIGLETON-NIVOSE,45.231,6.038167,2240,2024-10-05,,,,,,,,,,,,,,,,,,,,,,,,,,,,,,,62,9,,,,,4.4,9,,,1.5,9,,,,,6,1,6,1,,,,,,,,,,,,,,,,,,,,,,,,,,,,,,,,
432,38005402,AIGLETON-NIVOSE,45.231,6.038167,2240,2024-10-06,,,,,,,,,,,,,,,,,,,,,,,,,,,,,,,68,9,,,,,6.1,9,,,1.1,9,,,,,3,1,3,1,,,,,,,,,,,,,,,,,,,,,,,,,,,,,,,,
433,38005402,AIGLETON-NIVOSE,45.231,6.038167,2240,2024-10-07,,,,,,,,,,,,,,,,,,,,,,,,,,,,,,,92,9,,,,,9.5,9,,,1.6,9,,,,,0,1,0,1,,,,,,,,,,,,,,,,,,,,,,,,,,,,,,,,
434,38005402,AIGLETON-NIVOSE,45.231,6.038167,2240,2024-10-08,,,,,,,,,,,,,,,,,,,,,,,,,,,,,,,94,9,,,,,7.6,9,,,0.6,9,,,,,0,1,0,1,,,,,,,,,,,,,,,,,,,,,,,,,,,,,,,,
435,38005402,AIGLETON-NIVOSE,45.231,6.038167,2240,2024-10-09,,,,,,,,,,,,,,,,,,,,,,,,,,,,,,,83,9,,,,,7.6,9,,,1.9,9,,,,,0,1,0,1,,,,,,,,,,,,,,,,,,,,,,,,,,,,,,,,
436,38005402,AIGLETON-NIVOSE,45.231,6.038167,2240,2024-10-10,,,,,,,,,,,,,,,,,,,,,,,,,,,,,,,92,9,,,,,6.2,9,,,1.2,9,,,,,2,1,0,1,,,,,,,,,,,,,,,,,,,,,,,,,,,,,,,,
437,38005402,AIGLETON-NIVOSE,45.231,6.038167,2240,2024-10-11,,,,,,,,,,,,,,,,,,,,,,,,,,,,,,,80,9,,,,,5.4,9,,,1.1,9,,,,,0,1,0,1,,,,,,,,,,,,,,,,,,,,,,,,,,,,,,,,
438,38005402,AIGLETON-NIVOSE,45.231,6.038167,2240,2024-10-12,,,,,,,,,,,,,,,,,,,,,,,,,,,,,,,65,9,,,,,5.4,9,,,1.4,9,,,,,0,1,0,1,,,,,,,,,,,,,,,,,,,,,,,,,,,,,,,,
439,38005402,AIGLETON-NIVOSE,45.231,6.038167,2240,2024-10-13,,,,,,,,,,,,,,,,,,,,,,,,,,,,,,,78,9,,,,,7.6,9,,,1.4,9,,,,,0,1,0,1,,,,,,,,,,,,,,,,,,,,,,,,,,,,,,,,
440,38005402,AIGLETON-NIVOSE,45.231,6.038167,2240,2024-10-14,,,,,,,,,,,,,,,,,,,,,,,,,,,,,,,75,9,,,,,8.3,9,,,1.4,9,,,,,0,1,0,1,,,,,,,,,,,,,,,,,,,,,,,,,,,,,,,,
441,38005402,AIGLETON-NIVOSE,45.231,6.038167,2240,2024-10-15,,,,,,,,,,,,,,,,,,,,,,,,,,,,,,,63,9,,,,,8.5,9,,,2.9,9,,,,,0,1,0,1,,,,,,,,,,,,,,,,,,,,,,,,,,,,,,,,
442,38005402,AIGLETON-NIVOSE,45.231,6.038167,2240,2024-10-16,,,,,,,,,,,,,,,,,,,,,,,,,,,,,,,91,9,,,,,9.2,9,,,1.9,9,,,,,0,1,0,1,,,,,,,,,,,,,,,,,,,,,,,,,,,,,,,,
443,38005402,AIGLETON-NIVOSE,45.231,6.038167,2240,2024-10-17,,,,,,,,,,,,,,,,,,,,,,,,,,,,,,,92,9,,,,,8.9,9,,,1.5,9,,,,,0,1,0,1,,,,,,,,,,,,,,,,,,,,,,,,,,,,,,,,
444,38005402,AIGLETON-NIVOSE,45.231,6.038167,2240,2024-10-18,,,,,,,,,,,,,,,,,,,,,,,,,,,,,,,91,9,,,,,7.6,9,,,1.0,9,,,,,0,1,0,1,,,,,,,,,,,,,,,,,,,,,,,,,,,,,,,,
445,38005402,AIGLETON-NIVOSE,45.231,6.038167,2240,2024-10-19,,,,,,,,,,,,,,,,,,,,,,,,,,,,,,,77,9,,,,,6.6,9,,,1.1,9,,,,,0,1,0,1,,,,,,,,,,,,,,,,,,,,,,,,,,,,,,,,
446,38005402,AIGLETON-NIVOSE,45.231,6.038167,2240,2024-10-20,,,,,,,,,,,,,,,,,,,,,,,,,,,,,,,70,9,,,,,7.6,9,,,1.3,9,,,,,0,1,0,1,,,,,,,,,,,,,,,,,,,,,,,,,,,,,,,,
447,38005402,AIGLETON-NIVOSE,45.231,6.038167,2240,2024-10-21,,,,,,,,,,,,,,,,,,,,,,,,,,,,,,,75,9,,,,,7.8,9,,,1.6,9,,,,,0,1,0,1,,,,,,,,,,,,,,,,,,,,,,,,,,,,,,,,
448,38005402,AIGLETON-NIVOSE,45.231,6.038167,2240,2024-10-22,,,,,,,,,,,,,,,,,,,,,,,,,,,,,,,86,9,,,,,8.2,9,,,1.2,9,,,,,0,1,0,1,,,,,,,,,,,,,,,,,,,,,,,,,,,,,,,,
449,38005402,AIGLETON-NIVOSE,45.231,6.038167,2240,2024-10-23,,,,,,,,,,,,,,,,,,,,,,,,,,,,,,,86,9,,,,,8.1,9,,,0.8,9,,,,,0,1,0,1,,,,,,,,,,,,,,,,,,,,,,,,,,,,,,,,
450,38005402,AIGLETON-NIVOSE,45.231,6.038167,2240,2024-10-24,,,,,,,,,,,,,,,,,,,,,,,,,,,,,,,89,9,,,,,8.1,9,,,1.4,9,,,,,0,1,0,1,,,,,,,,,,,,,,,,,,,,,,,,,,,,,,,,
451,38005402,AIGLETON-NIVOSE,45.231,6.038167,2240,2024-10-25,,,,,,,,,,,,,,,,,,,,,,,,,,,,,,,79,9,,,,,7.4,9,,,1.5,9,,,,,0,1,0,1,,,,,,,,,,,,,,,,,,,,,,,,,,,,,,,,
452,38005402,AIGLETON-NIVOSE,45.231,6.038167,2240,2024-10-26,,,,,,,,,,,,,,,,,,,,,,,,,,,,,,,85,9,,,,,7.2,9,,,1.3,9,,,,,0,1,0,1,,,,,,,,,,,,,,,,,,,,,,,,,,,,,,,,
453,38005402,AIGLETON-NIVOSE,45.231,6.038167,2240,2024-10-27,,,,,,,,,,,,,,,,,,,,,,,,,,,,,,,81,9,,,,,7.5,9,,,1.2,9,,,,,0,1,0,1,,,,,,,,,,,,,,,,,,,,,,,,,,,,,,,,
454,38005402,AIGLETON-NIVOSE,45.231,6.038167,2240,2024-10-28,,,,,,,,,,,,,,,,,,,,,,,,,,,,,,,77,9,,,,,7.4,9,,,1.0,9,,,,,0,1,0,1,,,,,,,,,,,,,,,,,,,,,,,,,,,,,,,,
455,38005402,AIGLETON-NIVOSE,45.231,6.038167,2240,2024-10-29,,,,,,,,,,,,,,,,,,,,,,,,,,,,,,,66,9,,,,,6.7,9,,,1.4,9,,,,,0,1,0,1,,,,,,,,,,,,,,,,,,,,,,,,,,,,,,,,
456,38005402,AIGLETON-NIVOSE,45.231,6.038167,2240,2024-10-30,,,,,,,,,,,,,,,,,,,,,,,,,,,,,,,62,9,,,,,6.5,9,,,1.5,9,,,,,0,1,0,1,,,,,,,,,,,,,,,,,,,,,,,,,,,,,,,,
457,38005402,AIGLETON-NIVOSE,45.231,6.038167,2240,2024-10-31,,,,,,,,,,,,,,,,,,,,,,,,,,,,,,,58,9,,,,,5.9,9,,,1.6,9,,,,,0,1,0,1,,,,,,,,,,,,,,,,,,,,,,,,,,,,,,,,
458,38005402,AIGLETON-NIVOSE,45.231,6.038167,2240,2024-11-01,,,,,,,,,,,,,,,,,,,,,,,,,,,,,,,69,9,,,,,6.3,9,,,1.3,9,,,,,0,1,0,1,,,,,,,,,,,,,,,,,,,,,,,,,,,,,,,,
459,38005402,AIGLETON-NIVOSE,45.231,6.038167,2240,2024-11-02,,,,,,,,,,,,,,,,,,,,,,,,,,,,,,,34,9,,,,,3.6,9,,,1.8,9,,,,,0,1,0,1,,,,,,,,,,,,,,,,,,,,,,,,,,,,,,,,
460,38005402,AIGLETON-NIVOSE,45.231,6.038167,2240,2024-11-03,,,,,,,,,,,,,,,,,,,,,,,,,,,,,,,46,9,,,,,5.4,9,,,2.1,9,,,,,0,1,0,1,,,,,,,,,,,,,,,,,,,,,,,,,,,,,,,,
461,38005402,AIGLETON-NIVOSE,45.231,6.038167,2240,2024-11-04,,,,,,,,,,,,,,,,,,,,,,,,,,,,,,,44,9,,,,,4.7,9,,,2.0,9,,,,,0,1,0,1,,,,,,,,,,,,,,,,,,,,,,,,,,,,,,,,
462,38005402,AIGLETON-NIVOSE,45.231,6.038167,2240,2024-11-05,,,,,,,,,,,,,,,,,,,,,,,,,,,,,,,73,9,,,,,6.8,9,,,1.5,9,,,,,0,1,0,1,,,,,,,,,,,,,,,,,,,,,,,,,,,,,,,,
463,38005402,AIGLETON-NIVOSE,45.231,6.038167,2240,2024-11-06,,,,,,,,,,,,,,,,,,,,,,,,,,,,,,,84,9,,,,,7.4,9,,,1.0,9,,,,,0,1,0,1,,,,,,,,,,,,,,,,,,,,,,,,,,,,,,,,
464,38005402,AIGLETON-NIVOSE,45.231,6.038167,2240,2024-11-07,,,,,,,,,,,,,,,,,,,,,,,,,,,,,,,63,9,,,,,5.4,9,,,1.4,9,,,,,0,1,0,1,,,,,,,,,,,,,,,,,,,,,,,,,,,,,,,,
465,38005402,AIGLETON-NIVOSE,45.231,6.038167,2240,2024-11-08,,,,,,,,,,,,,,,,,,,,,,,,,,,,,,,56,9,,,,,4.6,9,,,1.6,9,,,,,0,1,0,1,,,,,,,,,,,,,,,,,,,,,,,,,,,,,,,,
466,38005402,AIGLETON-NIVOSE,45.231,6.038167,2240,2024-11-09,,,,,,,,,,,,,,,,,,,,,,,,,,,,,,,51,9,,,,,4.1,9,,,1.8,9,,,,,0,1,0,1,,,,,,,,,,,,,,,,,,,,,,,,,,,,,,,,
467,38005402,AIGLETON-NIVOSE,45.231,6.038167,2240,2024-11-10,,,,,,,,,,,,,,,,,,,,,,,,,,,,,,,58,9,,,,,4.7,9,,,1.3,9,,,,,0,1,0,1,,,,,,,,,,,,,,,,,,,,,,,,,,,,,,,,
468,38005402,AIGLETON-NIVOSE,45.231,6.038167,2240,2024-11-11,,,,,,,,,,,,,,,,,,,,,,,,,,,,,,,58,9,,,,,4.2,9,,,0.8,9,,,,,5,1,0,1,,,,,,,,,,,,,,,,,,,,,,,,,,,,,,,,
469,38005402,AIGLETON-NIVOSE,45.231,6.038167,2240,2024-11-12,,,,,,,,,,,,,,,,,,,,,,,,,,,,,,,77,9,,,,,3.6,9,,,0.6,9,,,,,11,1,11,1,,,,,,,,,,,,,,,,,,,,,,,,,,,,,,,,
470,38005402,AIGLETON-NIVOSE,45.231,6.038167,2240,2024-11-13,,,,,,,,,,,,,,,,,,,,,,,,,,,,,,,33,9,,,,,2.3,9,,,1.4,9,,,,,10,1,9,1,,,,,,,,,,,,,,,,,,,,,,,,,,,,,,,,
471,38005402,AIGLETON-NIVOSE,45.231,6.038167,2240,2024-11-14,,,,,,,,,,,,,,,,,,,,,,,,,,,,,,,41,9,,,,,2.7,9,,,0.9,9,,,,,5,1,5,1,,,,,,,,,,,,,,,,,,,,,,,,,,,,,,,,
472,38005402,AIGLETON-NIVOSE,45.231,6.038167,2240,2024-11-15,,,,,,,,,,,,,,,,,,,,,,,,,,,,,,,24,9,,,,,2.1,9,,,1.5,9,,,,,5,1,5,1,,,,,,,,,,,,,,,,,,,,,,,,,,,,,,,,
473,38005402,AIGLETON-NIVOSE,45.231,6.038167,2240,2024-11-16,,,,,,,,,,,,,,,,,,,,,,,,,,,,,,,20,9,,,,,1.7,9,,,2.1,9,,,,,5,1,5,1,,,,,,,,,,,,,,,,,,,,,,,,,,,,,,,,
474,38005402,AIGLETON-NIVOSE,45.231,6.038167,2240,2024-11-17,,,,,,,,,,,,,,,,,,,,,,,,,,,,,,,51,9,,,,,3.3,9,,,1.6,9,,,,,5,1,5,1,,,,,,,,,,,,,,,,,,,,,,,,,,,,,,,,
475,38005402,AIGLETON-NIVOSE,45.231,6.038167,2240,2024-11-18,,,,,,,,,,,,,,,,,,,,,,,,,,,,,,,59,9,,,,,3.7,9,,,0.9,9,,,,,5,1,5,1,,,,,,,,,,,,,,,,,,,,,,,,,,,,,,,,
476,38005402,AIGLETON-NIVOSE,45.231,6.038167,2240,2024-11-19,,,,,,,,,,,,,,,,,,,,,,,,,,,,,,,96,9,,,,,5.4,9,,,0.3,9,,,,,18,1,5,1,,,,,,,,,,,,,,,,,,,,,,,,,,,,,,,,
477,38005402,AIGLETON-NIVOSE,45.231,6.038167,2240,2024-11-20,,,,,,,,,,,,,,,,,,,,,,,,,,,,,,,94,9,,,,,3.5,9,,,0.3,9,,,,,36,1,36,1,,,,,,,,,,,,,,,,,,,,,,,,,,,,,,,,
478,38005402,AIGLETON-NIVOSE,45.231,6.038167,2240,2024-11-21,,,,,,,,,,,,,,,,,,,,,,,,,,,,,,,89,9,,,,,3.9,9,,,0.5,9,,,,,40,1,36,1,,,,,,,,,,,,,,,,,,,,,,,,,,,,,,,,
479,38005402,AIGLETON-NIVOSE,45.231,6.038167,2240,2024-11-22,,,,,,,,,,,,,,,,,,,,,,,,,,,,,,,85,9,,,,,2.3,9,,,0.5,9,,,,,43,1,43,1,,,,,,,,,,,,,,,,,,,,,,,,,,,,,,,,
480,38005402,AIGLETON-NIVOSE,45.231,6.038167,2240,2024-11-23,,,,,,,,,,,,,,,,,,,,,,,,,,,,,,,31,9,,,,,1.5,9,,,1.5,9,,,,,41,1,41,1,,,,,,,,,,,,,,,,,,,,,,,,,,,,,,,,
481,38005402,AIGLETON-NIVOSE,45.231,6.038167,2240,2024-11-24,,,,,,,,,,,,,,,,,,,,,,,,,,,,,,,74,9,,,,,4.8,9,,,1.4,9,,,,,39,1,39,1,,,,,,,,,,,,,,,,,,,,,,,,,,,,,,,,
482,38005402,AIGLETON-NIVOSE,45.231,6.038167,2240,2024-11-25,,,,,,,,,,,,,,,,,,,,,,,,,,,,,,,75,9,,,,,5.4,9,,,2.1,9,,,,,42,1,38,1,,,,,,,,,,,,,,,,,,,,,,,,,,,,,,,,
483,38005402,AIGLETON-NIVOSE,45.231,6.038167,2240,2024-11-26,,,,,,,,,,,,,,,,,,,,,,,,,,,,,,,59,9,,,,,3.6,9,,,0.7,9,,,,,47,1,47,1,,,,,,,,,,,,,,,,,,,,,,,,,,,,,,,,
484,38005402,AIGLETON-NIVOSE,45.231,6.038167,2240,2024-11-27,,,,,,,,,,,,,,,,,,,,,,,,,,,,,,,60,9,,,,,4.1,9,,,1.0,9,,,,,43,1,43,1,,,,,,,,,,,,,,,,,,,,,,,,,,,,,,,,
485,38005402,AIGLETON-NIVOSE,45.231,6.038167,2240,2024-11-28,,,,,,,,,,,,,,,,,,,,,,,,,,,,,,,85,9,,,,,6.0,9,,,0.9,9,,,,,42,1,42,1,,,,,,,,,,,,,,,,,,,,,,,,,,,,,,,,
486,38005402,AIGLETON-NIVOSE,45.231,6.038167,2240,2024-11-29,,,,,,,,,,,,,,,,,,,,,,,,,,,,,,,12,9,,,,,1.0,9,,,1.9,9,,,,,37,1,37,1,,,,,,,,,,,,,,,,,,,,,,,,,,,,,,,,
487,38005402,AIGLETON-NIVOSE,45.231,6.038167,2240,2024-11-30,,,,,,,,,,,,,,,,,,,,,,,,,,,,,,,5,9,,,,,0.5,9,,,2.8,9,,,,,37,1,36,1,,,,,,,,,,,,,,,,,,,,,,,,,,,,,,,,
488,38005402,AIGLETON-NIVOSE,45.231,6.038167,2240,2024-12-01,,,,,,,,,,,,,,,,,,,,,,,,,,,,,,,29,9,,,,,2.2,9,,,2.0,9,,,,,36,1,35,1,,,,,,,,,,,,,,,,,,,,,,,,,,,,,,,,
489,38005402,AIGLETON-NIVOSE,45.231,6.038167,2240,2024-12-02,,,,,,,,,,,,,,,,,,,,,,,,,,,,,,,79,9,,,,,5.5,9,,,1.2,9,,,,,42,1,35,1,,,,,,,,,,,,,,,,,,,,,,,,,,,,,,,,
490,38005402,AIGLETON-NIVOSE,45.231,6.038167,2240,2024-12-03,,,,,,,,,,,,,,,,,,,,,,,,,,,,,,,84,9,,,,,3.4,9,,,0.4,9,,,,,44,1,44,1,,,,,,,,,,,,,,,,,,,,,,,,,,,,,,,,
491,38005402,AIGLETON-NIVOSE,45.231,6.038167,2240,2024-12-04,,,,,,,,,,,,,,,,,,,,,,,,,,,,,,,40,9,,,,,1.6,9,,,0.7,9,,,,,43,1,43,1,,,,,,,,,,,,,,,,,,,,,,,,,,,,,,,,
492,38005402,AIGLETON-NIVOSE,45.231,6.038167,2240,2024-12-05,,,,,,,,,,,,,,,,,,,,,,,,,,,,,,,48,9,,,,,2.9,9,,,0.9,9,,,,,43,1,42,1,,,,,,,,,,,,,,,,,,,,,,,,,,,,,,,,
493,38005402,AIGLETON-NIVOSE,45.231,6.038167,2240,2024-12-06,,,,,,,,,,,,,,,,,,,,,,,,,,,,,,,57,9,,,,,3.5,9,,,0.9,9,,,,,42,1,38,1,,,,,,,,,,,,,,,,,,,,,,,,,,,,,,,,
494,38005402,AIGLETON-NIVOSE,45.231,6.038167,2240,2024-12-07,,,,,,,,,,,,,,,,,,,,,,,,,,,,,,,87,9,,,,,4.4,9,,,0.7,9,,,,,63,1,40,1,,,,,,,,,,,,,,,,,,,,,,,,,,,,,,,,
495,38005402,AIGLETON-NIVOSE,45.231,6.038167,2240,2024-12-08,,,,,,,,,,,,,,,,,,,,,,,,,,,,,,,91,9,,,,,3.2,9,,,0.2,9,,,,,72,1,65,1,,,,,,,,,,,,,,,,,,,,,,,,,,,,,,,,
496,38005402,AIGLETON-NIVOSE,45.231,6.038167,2240,2024-12-09,,,,,,,,,,,,,,,,,,,,,,,,,,,,,,,85,9,,,,,2.9,9,,,0.3,9,,,,,71,1,70,1,,,,,,,,,,,,,,,,,,,,,,,,,,,,,,,,
497,38005402,AIGLETON-NIVOSE,45.231,6.038167,2240,2024-12-10,,,,,,,,,,,,,,,,,,,,,,,,,,,,,,,59,9,,,,,2.4,9,,,0.4,9,,,,,69,1,68,1,,,,,,,,,,,,,,,,,,,,,,,,,,,,,,,,
498,38005402,AIGLETON-NIVOSE,45.231,6.038167,2240,2024-12-11,,,,,,,,,,,,,,,,,,,,,,,,,,,,,,,53,9,,,,,2.2,9,,,0.6,9,,,,,67,1,66,1,,,,,,,,,,,,,,,,,,,,,,,,,,,,,,,,
499,38005402,AIGLETON-NIVOSE,45.231,6.038167,2240,2024-12-12,,,,,,,,,,,,,,,,,,,,,,,,,,,,,,,35,9,,,,,1.6,9,,,0.8,9,,,,,66,1,66,1,,,,,,,,,,,,,,,,,,,,,,,,,,,,,,,,
500,38005402,AIGLETON-NIVOSE,45.231,6.038167,2240,2024-12-13,,,,,,,,,,,,,,,,,,,,,,,,,,,,,,,59,9,,,,,2.8,9,,,0.7,9,,,,,65,1,65,1,,,,,,,,,,,,,,,,,,,,,,,,,,,,,,,,
501,38005402,AIGLETON-NIVOSE,45.231,6.038167,2240,2024-12-14,,,,,,,,,,,,,,,,,,,,,,,,,,,,,,,94,9,,,,,3.8,9,,,0.3,9,,,,,84,1,79,1,,,,,,,,,,,,,,,,,,,,,,,,,,,,,,,,
502,38005402,AIGLETON-NIVOSE,45.231,6.038167,2240,2024-12-15,,,,,,,,,,,,,,,,,,,,,,,,,,,,,,,71,9,,,,,3.0,9,,,0.6,9,,,,,84,1,82,1,,,,,,,,,,,,,,,,,,,,,,,,,,,,,,,,
503,38005402,AIGLETON-NIVOSE,45.231,6.038167,2240,2024-12-16,,,,,,,,,,,,,,,,,,,,,,,,,,,,,,,33,9,,,,,2.7,9,,,1.0,9,,,,,83,1,82,1,,,,,,,,,,,,,,,,,,,,,,,,,,,,,,,,
504,38005402,AIGLETON-NIVOSE,45.231,6.038167,2240,2024-12-17,,,,,,,,,,,,,,,,,,,,,,,,,,,,,,,29,9,,,,,2.5,9,,,1.9,9,,,,,80,1,80,1,,,,,,,,,,,,,,,,,,,,,,,,,,,,,,,,
505,38005402,AIGLETON-NIVOSE,45.231,6.038167,2240,2024-12-18,,,,,,,,,,,,,,,,,,,,,,,,,,,,,,,53,9,,,,,4.5,9,,,1.6,9,,,,,78,1,77,1,,,,,,,,,,,,,,,,,,,,,,,,,,,,,,,,
506,38005402,AIGLETON-NIVOSE,45.231,6.038167,2240,2024-12-19,,,,,,,,,,,,,,,,,,,,,,,,,,,,,,,91,9,,,,,4.9,9,,,0.6,9,,,,,105,1,74,1,,,,,,,,,,,,,,,,,,,,,,,,,,,,,,,,
507,38005402,AIGLETON-NIVOSE,45.231,6.038167,2240,2024-12-20,,,,,,,,,,,,,,,,,,,,,,,,,,,,,,,74,9,,,,,2.1,9,,,0.7,9,,,,,108,1,104,1,,,,,,,,,,,,,,,,,,,,,,,,,,,,,,,,
508,38005402,AIGLETON-NIVOSE,45.231,6.038167,2240,2024-12-21,,,,,,,,,,,,,,,,,,,,,,,,,,,,,,,61,9,,,,,2.7,9,,,0.6,9,,,,,104,1,103,1,,,,,,,,,,,,,,,,,,,,,,,,,,,,,,,,
509,38005402,AIGLETON-NIVOSE,45.231,6.038167,2240,2024-12-22,,,,,,,,,,,,,,,,,,,,,,,,,,,,,,,95,9,,,,,4.1,9,,,0.3,9,,,,,131,1,101,1,,,,,,,,,,,,,,,,,,,,,,,,,,,,,,,,
510,38005402,AIGLETON-NIVOSE,45.231,6.038167,2240,2024-12-23,,,,,,,,,,,,,,,,,,,,,,,,,,,,,,,91,9,,,,,2.7,9,,,0.1,9,,,,,150,1,126,1,,,,,,,,,,,,,,,,,,,,,,,,,,,,,,,,
511,38005402,AIGLETON-NIVOSE,45.231,6.038167,2240,2024-12-24,,,,,,,,,,,,,,,,,,,,,,,,,,,,,,,74,9,,,,,2.7,9,,,0.7,9,,,,,152,1,147,1,,,,,,,,,,,,,,,,,,,,,,,,,,,,,,,,
512,38005402,AIGLETON-NIVOSE,45.231,6.038167,2240,2024-12-25,,,,,,,,,,,,,,,,,,,,,,,,,,,,,,,47,9,,,,,3.4,9,,,0.7,9,,,,,148,1,145,1,,,,,,,,,,,,,,,,,,,,,,,,,,,,,,,,
513,38005402,AIGLETON-NIVOSE,45.231,6.038167,2240,2024-12-26,,,,,,,,,,,,,,,,,,,,,,,,,,,,,,,26,9,,,,,2.0,9,,,1.3,9,,,,,142,1,141,1,,,,,,,,,,,,,,,,,,,,,,,,,,,,,,,,
514,38005402,AIGLETON-NIVOSE,45.231,6.038167,2240,2024-12-27,,,,,,,,,,,,,,,,,,,,,,,,,,,,,,,24,9,,,,,1.8,9,,,1.6,9,,,,,138,1,137,1,,,,,,,,,,,,,,,,,,,,,,,,,,,,,,,,
515,38005402,AIGLETON-NIVOSE,45.231,6.038167,2240,2024-12-28,,,,,,,,,,,,,,,,,,,,,,,,,,,,,,,26,9,,,,,2.1,9,,,1.7,9,,,,,135,1,134,1,,,,,,,,,,,,,,,,,,,,,,,,,,,,,,,,
516,38005402,AIGLETON-NIVOSE,45.231,6.038167,2240,2024-12-29,,,,,,,,,,,,,,,,,,,,,,,,,,,,,,,29,9,,,,,2.3,9,,,1.8,9,,,,,134,1,133,1,,,,,,,,,,,,,,,,,,,,,,,,,,,,,,,,
517,38005402,AIGLETON-NIVOSE,45.231,6.038167,2240,2024-12-30,,,,,,,,,,,,,,,,,,,,,,,,,,,,,,,31,9,,,,,2.2,9,,,1.6,9,,,,,132,1,132,1,,,,,,,,,,,,,,,,,,,,,,,,,,,,,,,,
518,38005402,AIGLETON-NIVOSE,45.231,6.038167,2240,2024-12-31,,,,,,,,,,,,,,,,,,,,,,,,,,,,,,,40,9,,,,,2.5,9,,,1.7,9,,,,,130,1,129,1,,,,,,,,,,,,,,,,,,,,,,,,,,,,,,,,
519,38005402,AIGLETON-NIVOSE,45.231,6.038167,2240,2025-01-01,,,,,,,,,,,,,,,,,,,,,,,,,,,,,,,41,9,,,,,2.4,9,,,1.6,9,,,,,129,1,128,1,,,,,,,,,,,,,,,,,,,,,,,,,,,,,,,,
520,38005402,AIGLETON-NIVOSE,45.231,6.038167,2240,2025-01-02,,,,,,,,,,,,,,,,,,,,,,,,,,,,,,,66,9,,,,,3.1,9,,,1.0,9,,,,,141,1,128,1,,,,,,,,,,,,,,,,,,,,,,,,,,,,,,,,
521,38005402,AIGLETON-NIVOSE,45.231,6.038167,2240,2025-01-03,,,,,,,,,,,,,,,,,,,,,,,,,,,,,,,40,9,,,,,1.6,9,,,0.7,9,,,,,152,1,152,1,,,,,,,,,,,,,,,,,,,,,,,,,,,,,,,,
522,38005402,AIGLETON-NIVOSE,45.231,6.038167,2240,2025-01-04,,,,,,,,,,,,,,,,,,,,,,,,,,,,,,,56,9,,,,,3.2,9,,,0.5,9,,,,,152,1,148,1,,,,,,,,,,,,,,,,,,,,,,,,,,,,,,,,
523,38005402,AIGLETON-NIVOSE,45.231,6.038167,2240,2025-01-05,,,,,,,,,,,,,,,,,,,,,,,,,,,,,,,61,9,,,,,4.4,9,,,1.5,9,,,,,150,1,148,1,,,,,,,,,,,,,,,,,,,,,,,,,,,,,,,,
524,38005402,AIGLETON-NIVOSE,45.231,6.038167,2240,2025-01-06,,,,,,,,,,,,,,,,,,,,,,,,,,,,,,,79,9,,,,,4.3,9,,,1.6,9,,,,,153,1,138,1,,,,,,,,,,,,,,,,,,,,,,,,,,,,,,,,
525,38005402,AIGLETON-NIVOSE,45.231,6.038167,2240,2025-01-07,,,,,,,,,,,,,,,,,,,,,,,,,,,,,,,77,9,,,,,3.1,9,,,0.5,9,,,,,152,1,152,1,,,,,,,,,,,,,,,,,,,,,,,,,,,,,,,,
526,38005402,AIGLETON-NIVOSE,45.231,6.038167,2240,2025-01-08,,,,,,,,,,,,,,,,,,,,,,,,,,,,,,,94,9,,,,,5.6,9,,,0.4,9,,,,,156,1,155,1,,,,,,,,,,,,,,,,,,,,,,,,,,,,,,,,
527,38005402,AIGLETON-NIVOSE,45.231,6.038167,2240,2025-01-09,,,,,,,,,,,,,,,,,,,,,,,,,,,,,,,94,9,,,,,4.8,9,,,0.4,9,,,,,178,1,157,1,,,,,,,,,,,,,,,,,,,,,,,,,,,,,,,,
528,38005402,AIGLETON-NIVOSE,45.231,6.038167,2240,2025-01-10,,,,,,,,,,,,,,,,,,,,,,,,,,,,,,,88,9,,,,,4.7,9,,,0.3,9,,,,,176,1,173,1,,,,,,,,,,,,,,,,,,,,,,,,,,,,,,,,
529,38005402,AIGLETON-NIVOSE,45.231,6.038167,2240,2025-01-11,,,,,,,,,,,,,,,,,,,,,,,,,,,,,,,69,9,,,,,3.1,9,,,0.4,9,,,,,174,1,172,1,,,,,,,,,,,,,,,,,,,,,,,,,,,,,,,,
530,38005402,AIGLETON-NIVOSE,45.231,6.038167,2240,2025-01-12,,,,,,,,,,,,,,,,,,,,,,,,,,,,,,,29,9,,,,,1.1,9,,,0.8,9,,,,,171,1,171,1,,,,,,,,,,,,,,,,,,,,,,,,,,,,,,,,
531,38005402,AIGLETON-NIVOSE,45.231,6.038167,2240,2025-01-13,,,,,,,,,,,,,,,,,,,,,,,,,,,,,,,15,9,,,,,0.8,9,,,1.5,9,,,,,169,1,168,1,,,,,,,,,,,,,,,,,,,,,,,,,,,,,,,,
532,38005402,AIGLETON-NIVOSE,45.231,6.038167,2240,2025-01-14,,,,,,,,,,,,,,,,,,,,,,,,,,,,,,,15,9,,,,,1.0,9,,,1.5,9,,,,,166,1,166,1,,,,,,,,,,,,,,,,,,,,,,,,,,,,,,,,
533,38005402,AIGLETON-NIVOSE,45.231,6.038167,2240,2025-01-15,,,,,,,,,,,,,,,,,,,,,,,,,,,,,,,34,9,,,,,2.0,9,,,1.5,9,,,,,165,1,164,1,,,,,,,,,,,,,,,,,,,,,,,,,,,,,,,,
534,38005402,AIGLETON-NIVOSE,45.231,6.038167,2240,2025-01-16,,,,,,,,,,,,,,,,,,,,,,,,,,,,,,,49,9,,,,,2.2,9,,,1.2,9,,,,,163,1,163,1,,,,,,,,,,,,,,,,,,,,,,,,,,,,,,,,
535,38005402,AIGLETON-NIVOSE,45.231,6.038167,2240,2025-01-17,,,,,,,,,,,,,,,,,,,,,,,,,,,,,,,43,9,,,,,2.1,9,,,1.3,9,,,,,162,1,162,1,,,,,,,,,,,,,,,,,,,,,,,,,,,,,,,,
536,38005402,AIGLETON-NIVOSE,45.231,6.038167,2240,2025-01-18,,,,,,,,,,,,,,,,,,,,,,,,,,,,,,,41,9,,,,,2.3,9,,,1.9,9,,,,,161,1,160,1,,,,,,,,,,,,,,,,,,,,,,,,,,,,,,,,
537,38005402,AIGLETON-NIVOSE,45.231,6.038167,2240,2025-01-19,,,,,,,,,,,,,,,,,,,,,,,,,,,,,,,59,9,,,,,2.9,9,,,1.4,9,,,,,160,1,159,1,,,,,,,,,,,,,,,,,,,,,,,,,,,,,,,,
538,38005402,AIGLETON-NIVOSE,45.231,6.038167,2240,2025-01-20,,,,,,,,,,,,,,,,,,,,,,,,,,,,,,,70,9,,,,,3.2,9,,,0.8,9,,,,,159,1,158,1,,,,,,,,,,,,,,,,,,,,,,,,,,,,,,,,
539,38005402,AIGLETON-NIVOSE,45.231,6.038167,2240,2025-01-21,,,,,,,,,,,,,,,,,,,,,,,,,,,,,,,68,9,,,,,3.3,9,,,1.1,9,,,,,157,1,157,1,,,,,,,,,,,,,,,,,,,,,,,,,,,,,,,,
540,38005402,AIGLETON-NIVOSE,45.231,6.038167,2240,2025-01-22,,,,,,,,,,,,,,,,,,,,,,,,,,,,,,,97,9,,,,,5.4,9,,,0.7,9,,,,,166,1,160,1,,,,,,,,,,,,,,,,,,,,,,,,,,,,,,,,
541,38005402,AIGLETON-NIVOSE,45.231,6.038167,2240,2025-01-23,,,,,,,,,,,,,,,,,,,,,,,,,,,,,,,66,9,,,,,3.6,9,,,1.0,9,,,,,178,1,170,1,,,,,,,,,,,,,,,,,,,,,,,,,,,,,,,,
542,38005402,AIGLETON-NIVOSE,45.231,6.038167,2240,2025-01-24,,,,,,,,,,,,,,,,,,,,,,,,,,,,,,,24,9,,,,,1.7,9,,,2.4,9,,,,,177,1,176,1,,,,,,,,,,,,,,,,,,,,,,,,,,,,,,,,
543,38005402,AIGLETON-NIVOSE,45.231,6.038167,2240,2025-01-25,,,,,,,,,,,,,,,,,,,,,,,,,,,,,,,65,9,,,,,4.2,9,,,2.5,9,,,,,178,1,173,1,,,,,,,,,,,,,,,,,,,,,,,,,,,,,,,,
544,38005402,AIGLETON-NIVOSE,45.231,6.038167,2240,2025-01-26,,,,,,,,,,,,,,,,,,,,,,,,,,,,,,,71,9,,,,,3.2,9,,,1.2,9,,,,,198,1,184,1,,,,,,,,,,,,,,,,,,,,,,,,,,,,,,,,
545,38005402,AIGLETON-NIVOSE,45.231,6.038167,2240,2025-01-27,,,,,,,,,,,,,,,,,,,,,,,,,,,,,,,97,9,,,,,6.2,9,,,1.0,9,,,,,198,1,197,1,,,,,,,,,,,,,,,,,,,,,,,,,,,,,,,,
546,38005402,AIGLETON-NIVOSE,45.231,6.038167,2240,2025-01-28,,,,,,,,,,,,,,,,,,,,,,,,,,,,,,,94,9,,,,,3.8,9,,,0.9,9,,,,,222,1,211,1,,,,,,,,,,,,,,,,,,,,,,,,,,,,,,,,
547,38005402,AIGLETON-NIVOSE,45.231,6.038167,2240,2025-01-29,,,,,,,,,,,,,,,,,,,,,,,,,,,,,,,59,9,,,,,2.4,9,,,1.4,9,,,,,226,1,225,1,,,,,,,,,,,,,,,,,,,,,,,,,,,,,,,,
548,38005402,AIGLETON-NIVOSE,45.231,6.038167,2240,2025-01-30,,,,,,,,,,,,,,,,,,,,,,,,,,,,,,,82,9,,,,,3.9,9,,,1.1,9,,,,,218,1,216,1,,,,,,,,,,,,,,,,,,,,,,,,,,,,,,,,
549,38005402,AIGLETON-NIVOSE,45.231,6.038167,2240,2025-01-31,,,,,,,,,,,,,,,,,,,,,,,,,,,,,,,91,9,,,,,3.9,9,,,0.8,9,,,,,215,1,214,1,,,,,,,,,,,,,,,,,,,,,,,,,,,,,,,,
550,38005402,AIGLETON-NIVOSE,45.231,6.038167,2240,2025-02-01,,,,,,,,,,,,,,,,,,,,,,,,,,,,,,,69,9,,,,,3.2,9,,,1.1,9,,,,,213,1,213,1,,,,,,,,,,,,,,,,,,,,,,,,,,,,,,,,
551,38005402,AIGLETON-NIVOSE,45.231,6.038167,2240,2025-02-02,,,,,,,,,,,,,,,,,,,,,,,,,,,,,,,52,9,,,,,2.7,9,,,1.2,9,,,,,212,1,211,1,,,,,,,,,,,,,,,,,,,,,,,,,,,,,,,,
552,38005402,AIGLETON-NIVOSE,45.231,6.038167,2240,2025-02-03,,,,,,,,,,,,,,,,,,,,,,,,,,,,,,,24,9,,,,,1.6,9,,,1.6,9,,,,,210,1,209,1,,,,,,,,,,,,,,,,,,,,,,,,,,,,,,,,
553,38005402,AIGLETON-NIVOSE,45.231,6.038167,2240,2025-02-04,,,,,,,,,,,,,,,,,,,,,,,,,,,,,,,17,9,,,,,1.3,9,,,2.4,9,,,,,208,1,207,1,,,,,,,,,,,,,,,,,,,,,,,,,,,,,,,,
554,38005402,AIGLETON-NIVOSE,45.231,6.038167,2240,2025-02-05,,,,,,,,,,,,,,,,,,,,,,,,,,,,,,,19,9,,,,,1.5,9,,,2.1,9,,,,,206,1,206,1,,,,,,,,,,,,,,,,,,,,,,,,,,,,,,,,
555,38005402,AIGLETON-NIVOSE,45.231,6.038167,2240,2025-02-06,,,,,,,,,,,,,,,,,,,,,,,,,,,,,,,30,9,,,,,1.8,9,,,1.7,9,,,,,205,1,204,1,,,,,,,,,,,,,,,,,,,,,,,,,,,,,,,,
556,38005402,AIGLETON-NIVOSE,45.231,6.038167,2240,2025-02-07,,,,,,,,,,,,,,,,,,,,,,,,,,,,,,,51,9,,,,,2.5,9,,,2.1,9,,,,,203,1,203,1,,,,,,,,,,,,,,,,,,,,,,,,,,,,,,,,
557,38005402,AIGLETON-NIVOSE,45.231,6.038167,2240,2025-02-08,,,,,,,,,,,,,,,,,,,,,,,,,,,,,,,70,9,,,,,3.2,9,,,1.6,9,,,,,203,1,203,1,,,,,,,,,,,,,,,,,,,,,,,,,,,,,,,,
558,38005402,AIGLETON-NIVOSE,45.231,6.038167,2240,2025-02-09,,,,,,,,,,,,,,,,,,,,,,,,,,,,,,,76,9,,,,,3.7,9,,,0.9,9,,,,,202,1,202,1,,,,,,,,,,,,,,,,,,,,,,,,,,,,,,,,
559,38005402,AIGLETON-NIVOSE,45.231,6.038167,2240,2025-02-10,,,,,,,,,,,,,,,,,,,,,,,,,,,,,,,96,9,,,,,5.1,9,,,0.9,9,,,,,208,1,201,1,,,,,,,,,,,,,,,,,,,,,,,,,,,,,,,,
560,38005402,AIGLETON-NIVOSE,45.231,6.038167,2240,2025-02-11,,,,,,,,,,,,,,,,,,,,,,,,,,,,,,,96,9,,,,,5.1,9,,,0.9,9,,,,,221,1,210,1,,,,,,,,,,,,,,,,,,,,,,,,,,,,,,,,
561,38005402,AIGLETON-NIVOSE,45.231,6.038167,2240,2025-02-12,,,,,,,,,,,,,,,,,,,,,,,,,,,,,,,89,9,,,,,4.7,9,,,1.0,9,,,,,219,1,218,1,,,,,,,,,,,,,,,,,,,,,,,,,,,,,,,,
562,38005402,AIGLETON-NIVOSE,45.231,6.038167,2240,2025-02-13,,,,,,,,,,,,,,,,,,,,,,,,,,,,,,,96,9,,,,,4.7,9,,,0.7,9,,,,,233,1,220,1,,,,,,,,,,,,,,,,,,,,,,,,,,,,,,,,
563,38005402,AIGLETON-NIVOSE,45.231,6.038167,2240,2025-02-14,,,,,,,,,,,,,,,,,,,,,,,,,,,,,,,75,9,,,,,2.5,9,,,1.0,9,,,,,233,1,232,1,,,,,,,,,,,,,,,,,,,,,,,,,,,,,,,,
564,38005402,AIGLETON-NIVOSE,45.231,6.038167,2240,2025-02-15,,,,,,,,,,,,,,,,,,,,,,,,,,,,,,,20,9,,,,,1.1,9,,,1.4,9,,,,,230,1,230,1,,,,,,,,,,,,,,,,,,,,,,,,,,,,,,,,
565,38005402,AIGLETON-NIVOSE,45.231,6.038167,2240,2025-02-16,,,,,,,,,,,,,,,,,,,,,,,,,,,,,,,16,9,,,,,1.0,9,,,2.1,9,,,,,227,1,227,1,,,,,,,,,,,,,,,,,,,,,,,,,,,,,,,,
566,38005402,AIGLETON-NIVOSE,45.231,6.038167,2240,2025-02-17,,,,,,,,,,,,,,,,,,,,,,,,,,,,,,,32,9,,,,,1.9,9,,,2.3,9,,,,,225,1,225,1,,,,,,,,,,,,,,,,,,,,,,,,,,,,,,,,
567,38005402,AIGLETON-NIVOSE,45.231,6.038167,2240,2025-02-18,,,,,,,,,,,,,,,,,,,,,,,,,,,,,,,51,9,,,,,3.2,9,,,1.6,9,,,,,223,1,223,1,,,,,,,,,,,,,,,,,,,,,,,,,,,,,,,,
568,38005402,AIGLETON-NIVOSE,45.231,6.038167,2240,2025-02-19,,,,,,,,,,,,,,,,,,,,,,,,,,,,,,,69,9,,,,,4.1,9,,,1.2,9,,,,,221,1,221,1,,,,,,,,,,,,,,,,,,,,,,,,,,,,,,,,
569,38005402,AIGLETON-NIVOSE,45.231,6.038167,2240,2025-02-20,,,,,,,,,,,,,,,,,,,,,,,,,,,,,,,68,9,,,,,4.7,9,,,1.3,9,,,,,219,1,219,1,,,,,,,,,,,,,,,,,,,,,,,,,,,,,,,,
570,38005402,AIGLETON-NIVOSE,45.231,6.038167,2240,2025-02-21,,,,,,,,,,,,,,,,,,,,,,,,,,,,,,,57,9,,,,,4.0,9,,,2.3,9,,,,,217,1,217,1,,,,,,,,,,,,,,,,,,,,,,,,,,,,,,,,
571,38005402,AIGLETON-NIVOSE,45.231,6.038167,2240,2025-02-22,,,,,,,,,,,,,,,,,,,,,,,,,,,,,,,79,9,,,,,4.7,9,,,1.9,9,,,,,219,1,215,1,,,,,,,,,,,,,,,,,,,,,,,,,,,,,,,,
572,38005402,AIGLETON-NIVOSE,45.231,6.038167,2240,2025-02-23,,,,,,,,,,,,,,,,,,,,,,,,,,,,,,,93,9,,,,,5.3,9,,,0.8,9,,,,,220,1,219,1,,,,,,,,,,,,,,,,,,,,,,,,,,,,,,,,
573,38005402,AIGLETON-NIVOSE,45.231,6.038167,2240,2025-02-24,,,,,,,,,,,,,,,,,,,,,,,,,,,,,,,49,9,,,,,2.9,9,,,1.7,9,,,,,219,1,219,1,,,,,,,,,,,,,,,,,,,,,,,,,,,,,,,,
574,38005402,AIGLETON-NIVOSE,45.231,6.038167,2240,2025-02-25,,,,,,,,,,,,,,,,,,,,,,,,,,,,,,,76,9,,,,,3.6,9,,,1.9,9,,,,,225,1,217,1,,,,,,,,,,,,,,,,,,,,,,,,,,,,,,,,
575,38005402,AIGLETON-NIVOSE,45.231,6.038167,2240,2025-02-26,,,,,,,,,,,,,,,,,,,,,,,,,,,,,,,75,9,,,,,2.6,9,,,1.3,9,,,,,233,1,231,1,,,,,,,,,,,,,,,,,,,,,,,,,,,,,,,,
576,38005402,AIGLETON-NIVOSE,45.231,6.038167,2240,2025-02-27,,,,,,,,,,,,,,,,,,,,,,,,,,,,,,,55,9,,,,,2.6,9,,,1.3,9,,,,,231,1,231,1,,,,,,,,,,,,,,,,,,,,,,,,,,,,,,,,
577,38005402,AIGLETON-NIVOSE,45.231,6.038167,2240,2025-02-28,,,,,,,,,,,,,,,,,,,,,,,,,,,,,,,43,9,,,,,1.8,9,,,1.0,9,,,,,229,1,229,1,,,,,,,,,,,,,,,,,,,,,,,,,,,,,,,,
578,38005402,AIGLETON-NIVOSE,45.231,6.038167,2240,2025-03-01,,,,,,,,,,,,,,,,,,,,,,,,,,,,,,,62,9,,,,,2.6,9,,,1.4,9,,,,,227,1,227,1,,,,,,,,,,,,,,,,,,,,,,,,,,,,,,,,
579,38005402,AIGLETON-NIVOSE,45.231,6.038167,2240,2025-03-02,,,,,,,,,,,,,,,,,,,,,,,,,,,,,,,59,9,,,,,2.7,9,,,1.5,9,,,,,226,1,226,1,,,,,,,,,,,,,,,,,,,,,,,,,,,,,,,,
580,38005402,AIGLETON-NIVOSE,45.231,6.038167,2240,2025-03-03,,,,,,,,,,,,,,,,,,,,,,,,,,,,,,,38,9,,,,,2.2,9,,,2.0,9,,,,,224,1,224,1,,,,,,,,,,,,,,,,,,,,,,,,,,,,,,,,
581,38005402,AIGLETON-NIVOSE,45.231,6.038167,2240,2025-03-04,,,,,,,,,,,,,,,,,,,,,,,,,,,,,,,41,9,,,,,2.5,9,,,2.1,9,,,,,224,1,223,1,,,,,,,,,,,,,,,,,,,,,,,,,,,,,,,,
582,38005402,AIGLETON-NIVOSE,45.231,6.038167,2240,2025-03-05,,,,,,,,,,,,,,,,,,,,,,,,,,,,,,,36,9,,,,,2.2,9,,,2.0,9,,,,,222,1,222,1,,,,,,,,,,,,,,,,,,,,,,,,,,,,,,,,
583,38005402,AIGLETON-NIVOSE,45.231,6.038167,2240,2025-03-06,,,,,,,,,,,,,,,,,,,,,,,,,,,,,,,50,9,,,,,2.7,9,,,1.9,9,,,,,221,1,220,1,,,,,,,,,,,,,,,,,,,,,,,,,,,,,,,,
584,38005402,AIGLETON-NIVOSE,45.231,6.038167,2240,2025-03-07,,,,,,,,,,,,,,,,,,,,,,,,,,,,,,,53,9,,,,,2.8,9,,,1.9,9,,,,,219,1,219,1,,,,,,,,,,,,,,,,,,,,,,,,,,,,,,,,
585,38005402,AIGLETON-NIVOSE,45.231,6.038167,2240,2025-03-08,,,,,,,,,,,,,,,,,,,,,,,,,,,,,,,59,9,,,,,3.8,9,,,2.2,9,,,,,218,1,218,1,,,,,,,,,,,,,,,,,,,,,,,,,,,,,,,,
586,38005402,AIGLETON-NIVOSE,45.231,6.038167,2240,2025-03-09,,,,,,,,,,,,,,,,,,,,,,,,,,,,,,,65,9,,,,,4.0,9,,,2.9,9,,,,,218,1,216,1,,,,,,,,,,,,,,,,,,,,,,,,,,,,,,,,
587,38005402,AIGLETON-NIVOSE,45.231,6.038167,2240,2025-03-10,,,,,,,,,,,,,,,,,,,,,,,,,,,,,,,81,9,,,,,4.2,9,,,1.5,9,,,,,223,1,223,1,,,,,,,,,,,,,,,,,,,,,,,,,,,,,,,,
588,38005402,AIGLETON-NIVOSE,45.231,6.038167,2240,2025-03-11,,,,,,,,,,,,,,,,,,,,,,,,,,,,,,,92,9,,,,,4.7,9,,,1.3,9,,,,,226,1,224,1,,,,,,,,,,,,,,,,,,,,,,,,,,,,,,,,
589,38005402,AIGLETON-NIVOSE,45.231,6.038167,2240,2025-03-12,,,,,,,,,,,,,,,,,,,,,,,,,,,,,,,92,9,,,,,4.5,9,,,1.1,9,,,,,230,1,228,1,,,,,,,,,,,,,,,,,,,,,,,,,,,,,,,,
590,38005402,AIGLETON-NIVOSE,45.231,6.038167,2240,2025-03-13,,,,,,,,,,,,,,,,,,,,,,,,,,,,,,,88,9,,,,,3.5,9,,,1.4,9,,,,,234,1,233,1,,,,,,,,,,,,,,,,,,,,,,,,,,,,,,,,
591,38005402,AIGLETON-NIVOSE,45.231,6.038167,2240,2025-03-14,,,,,,,,,,,,,,,,,,,,,,,,,,,,,,,85,9,,,,,3.8,9,,,0.9,9,,,,,236,1,231,1,,,,,,,,,,,,,,,,,,,,,,,,,,,,,,,,
592,38005402,AIGLETON-NIVOSE,45.231,6.038167,2240,2025-03-15,,,,,,,,,,,,,,,,,,,,,,,,,,,,,,,93,9,,,,,4.1,9,,,0.9,9,,,,,247,1,234,1,,,,,,,,,,,,,,,,,,,,,,,,,,,,,,,,
593,38005402,AIGLETON-NIVOSE,45.231,6.038167,2240,2025-03-16,,,,,,,,,,,,,,,,,,,,,,,,,,,,,,,86,9,,,,,3.1,9,,,1.0,9,,,,,244,1,243,1,,,,,,,,,,,,,,,,,,,,,,,,,,,,,,,,
594,38005402,AIGLETON-NIVOSE,45.231,6.038167,2240,2025-03-17,,,,,,,,,,,,,,,,,,,,,,,,,,,,,,,56,9,,,,,2.7,9,,,1.3,9,,,,,240,1,239,1,,,,,,,,,,,,,,,,,,,,,,,,,,,,,,,,
595,38005402,AIGLETON-NIVOSE,45.231,6.038167,2240,2025-03-18,,,,,,,,,,,,,,,,,,,,,,,,,,,,,,,69,9,,,,,3.6,9,,,1.7,9,,,,,235,1,235,1,,,,,,,,,,,,,,,,,,,,,,,,,,,,,,,,
596,38005402,AIGLETON-NIVOSE,45.231,6.038167,2240,2025-03-19,,,,,,,,,,,,,,,,,,,,,,,,,,,,,,,46,9,,,,,2.6,9,,,2.5,9,,,,,231,1,230,1,,,,,,,,,,,,,,,,,,,,,,,,,,,,,,,,
597,38005402,AIGLETON-NIVOSE,45.231,6.038167,2240,2025-03-20,,,,,,,,,,,,,,,,,,,,,,,,,,,,,,,65,9,,,,,4.6,9,,,2.7,9,,,,,228,1,228,1,,,,,,,,,,,,,,,,,,,,,,,,,,,,,,,,
598,38005402,AIGLETON-NIVOSE,45.231,6.038167,2240,2025-03-21,,,,,,,,,,,,,,,,,,,,,,,,,,,,,,,65,9,,,,,4.9,9,,,4.0,9,,,,,225,1,223,1,,,,,,,,,,,,,,,,,,,,,,,,,,,,,,,,
599,38005402,AIGLETON-NIVOSE,45.231,6.038167,2240,2025-03-22,,,,,,,,,,,,,,,,,,,,,,,,,,,,,,,80,9,,,,,4.7,9,,,2.7,9,,,,,228,1,226,1,,,,,,,,,,,,,,,,,,,,,,,,,,,,,,,,
600,38005402,AIGLETON-NIVOSE,45.231,6.038167,2240,2025-03-23,,,,,,,,,,,,,,,,,,,,,,,,,,,,,,,85,9,,,,,4.4,9,,,1.5,9,,,,,234,1,226,1,,,,,,,,,,,,,,,,,,,,,,,,,,,,,,,,
601,38005402,AIGLETON-NIVOSE,45.231,6.038167,2240,2025-03-24,,,,,,,,,,,,,,,,,,,,,,,,,,,,,,,82,9,,,,,4.4,9,,,1.5,9,,,,,234,1,232,1,,,,,,,,,,,,,,,,,,,,,,,,,,,,,,,,
602,38005402,AIGLETON-NIVOSE,45.231,6.038167,2240,2025-03-25,,,,,,,,,,,,,,,,,,,,,,,,,,,,,,,77,9,,,,,4.5,9,,,1.7,9,,,,,227,1,227,1,,,,,,,,,,,,,,,,,,,,,,,,,,,,,,,,
603,38005402,AIGLETON-NIVOSE,45.231,6.038167,2240,2025-03-26,,,,,,,,,,,,,,,,,,,,,,,,,,,,,,,86,9,,,,,4.7,9,,,1.7,9,,,,,230,1,226,1,,,,,,,,,,,,,,,,,,,,,,,,,,,,,,,,
604,38005402,AIGLETON-NIVOSE,45.231,6.038167,2240,2025-03-27,,,,,,,,,,,,,,,,,,,,,,,,,,,,,,,71,9,,,,,4.1,9,,,1.5,9,,,,,229,1,228,1,,,,,,,,,,,,,,,,,,,,,,,,,,,,,,,,
605,38005402,AIGLETON-NIVOSE,45.231,6.038167,2240,2025-03-28,,,,,,,,,,,,,,,,,,,,,,,,,,,,,,,75,9,,,,,4.1,9,,,1.7,9,,,,,225,1,224,1,,,,,,,,,,,,,,,,,,,,,,,,,,,,,,,,
606,38005402,AIGLETON-NIVOSE,45.231,6.038167,2240,2025-03-29,,,,,,,,,,,,,,,,,,,,,,,,,,,,,,,96,9,,,,,4.4,9,,,1.0,9,,,,,230,1,225,1,,,,,,,,,,,,,,,,,,,,,,,,,,,,,,,,
607,38005402,AIGLETON-NIVOSE,45.231,6.038167,2240,2025-03-30,,,,,,,,,,,,,,,,,,,,,,,,,,,,,,,83,9,,,,,4.6,9,,,2.2,9,,,,,230,1,228,1,,,,,,,,,,,,,,,,,,,,,,,,,,,,,,,,
608,38005402,AIGLETON-NIVOSE,45.231,6.038167,2240,2025-03-31,,,,,,,,,,,,,,,,,,,,,,,,,,,,,,,57,9,,,,,3.2,9,,,3.1,9,,,,,226,1,225,1,,,,,,,,,,,,,,,,,,,,,,,,,,,,,,,,
609,38005402,AIGLETON-NIVOSE,45.231,6.038167,2240,2025-04-01,,,,,,,,,,,,,,,,,,,,,,,,,,,,,,,52,9,,,,,2.8,9,,,2.4,9,,,,,228,1,222,1,,,,,,,,,,,,,,,,,,,,,,,,,,,,,,,,
610,38005402,AIGLETON-NIVOSE,45.231,6.038167,2240,2025-04-02,,,,,,,,,,,,,,,,,,,,,,,,,,,,,,,65,9,,,,,3.8,9,,,2.4,9,,,,,226,1,226,1,,,,,,,,,,,,,,,,,,,,,,,,,,,,,,,,
611,38005402,AIGLETON-NIVOSE,45.231,6.038167,2240,2025-04-03,,,,,,,,,,,,,,,,,,,,,,,,,,,,,,,60,9,,,,,4.3,9,,,2.6,9,,,,,221,1,220,1,,,,,,,,,,,,,,,,,,,,,,,,,,,,,,,,
612,38005402,AIGLETON-NIVOSE,45.231,6.038167,2240,2025-04-04,,,,,,,,,,,,,,,,,,,,,,,,,,,,,,,58,9,,,,,5.2,9,,,3.0,9,,,,,217,1,217,1,,,,,,,,,,,,,,,,,,,,,,,,,,,,,,,,
613,38005402,AIGLETON-NIVOSE,45.231,6.038167,2240,2025-04-05,,,,,,,,,,,,,,,,,,,,,,,,,,,,,,,72,9,,,,,6.0,9,,,2.9,9,,,,,212,1,212,1,,,,,,,,,,,,,,,,,,,,,,,,,,,,,,,,
614,38005402,AIGLETON-NIVOSE,45.231,6.038167,2240,2025-04-06,,,,,,,,,,,,,,,,,,,,,,,,,,,,,,,55,9,,,,,4.5,9,,,3.7,9,,,,,205,1,205,1,,,,,,,,,,,,,,,,,,,,,,,,,,,,,,,,
615,38005402,AIGLETON-NIVOSE,45.231,6.038167,2240,2025-04-07,,,,,,,,,,,,,,,,,,,,,,,,,,,,,,,60,9,,,,,4.6,9,,,3.0,9,,,,,198,9,198,1,,,,,,,,,,,,,,,,,,,,,,,,,,,,,,,,
616,38005402,AIGLETON-NIVOSE,45.231,6.038167,2240,2025-04-08,,,,,,,,,,,,,,,,,,,,,,,,,,,,,,,40,9,,,,,3.1,9,,,3.4,9,,,,,192,9,192,9,,,,,,,,,,,,,,,,,,,,,,,,,,,,,,,,
617,38005402,AIGLETON-NIVOSE,45.231,6.038167,2240,2025-04-09,,,,,,,,,,,,,,,,,,,,,,,,,,,,,,,69,9,,,,,4.6,9,,,2.4,9,,,,,187,9,187,9,,,,,,,,,,,,,,,,,,,,,,,,,,,,,,,,
618,38005402,AIGLETON-NIVOSE,45.231,6.038167,2240,2025-04-10,,,,,,,,,,,,,,,,,,,,,,,,,,,,,,,66,9,,,,,4.9,9,,,2.7,9,,,,,187,1,186,1,,,,,,,,,,,,,,,,,,,,,,,,,,,,,,,,
619,38005402,AIGLETON-NIVOSE,45.231,6.038167,2240,2025-04-11,,,,,,,,,,,,,,,,,,,,,,,,,,,,,,,54,9,,,,,4.9,9,,,3.3,9,,,,,182,1,182,1,,,,,,,,,,,,,,,,,,,,,,,,,,,,,,,,
620,38005402,AIGLETON-NIVOSE,45.231,6.038167,2240,2025-04-12,,,,,,,,,,,,,,,,,,,,,,,,,,,,,,,59,9,,,,,5.1,9,,,3.6,9,,,,,176,1,175,1,,,,,,,,,,,,,,,,,,,,,,,,,,,,,,,,
621,38005402,AIGLETON-NIVOSE,45.231,6.038167,2240,2025-04-13,,,,,,,,,,,,,,,,,,,,,,,,,,,,,,,93,9,,,,,6.8,9,,,1.7,9,,,,,171,1,171,1,,,,,,,,,,,,,,,,,,,,,,,,,,,,,,,,
622,38005402,AIGLETON-NIVOSE,45.231,6.038167,2240,2025-04-14,,,,,,,,,,,,,,,,,,,,,,,,,,,,,,,89,9,,,,,6.7,9,,,2.1,9,,,,,166,1,166,1,,,,,,,,,,,,,,,,,,,,,,,,,,,,,,,,
623,38005402,AIGLETON-NIVOSE,45.231,6.038167,2240,2025-04-15,,,,,,,,,,,,,,,,,,,,,,,,,,,,,,,82,9,,,,,5.8,9,,,3.0,9,,,,,166,1,163,1,,,,,,,,,,,,,,,,,,,,,,,,,,,,,,,,
624,38005402,AIGLETON-NIVOSE,45.231,6.038167,2240,2025-04-16,,,,,,,,,,,,,,,,,,,,,,,,,,,,,,,89,9,,,,,5.2,9,,,0.9,9,,,,,185,1,158,1,,,,,,,,,,,,,,,,,,,,,,,,,,,,,,,,
625,38005402,AIGLETON-NIVOSE,45.231,6.038167,2240,2025-04-17,,,,,,,,,,,,,,,,,,,,,,,,,,,,,,,85,9,,,,,4.0,9,,,1.5,9,,,,,193,1,187,1,,,,,,,,,,,,,,,,,,,,,,,,,,,,,,,,
626,38005402,AIGLETON-NIVOSE,45.231,6.038167,2240,2025-04-18,,,,,,,,,,,,,,,,,,,,,,,,,,,,,,,74,9,,,,,4.6,9,,,2.3,9,,,,,192,1,191,1,,,,,,,,,,,,,,,,,,,,,,,,,,,,,,,,
627,38005402,AIGLETON-NIVOSE,45.231,6.038167,2240,2025-04-19,,,,,,,,,,,,,,,,,,,,,,,,,,,,,,,60,9,,,,,4.6,9,,,3.9,9,,,,,185,1,184,1,,,,,,,,,,,,,,,,,,,,,,,,,,,,,,,,
628,38005402,AIGLETON-NIVOSE,45.231,6.038167,2240,2025-04-20,,,,,,,,,,,,,,,,,,,,,,,,,,,,,,,69,9,,,,,4.3,9,,,3.8,9,,,,,187,1,186,1,,,,,,,,,,,,,,,,,,,,,,,,,,,,,,,,
629,38005402,AIGLETON-NIVOSE,45.231,6.038167,2240,2025-04-21,,,,,,,,,,,,,,,,,,,,,,,,,,,,,,,80,9,,,,,4.8,9,,,2.5,9,,,,,180,1,178,1,,,,,,,,,,,,,,,,,,,,,,,,,,,,,,,,
630,38005402,AIGLETON-NIVOSE,45.231,6.038167,2240,2025-04-22,,,,,,,,,,,,,,,,,,,,,,,,,,,,,,,80,9,,,,,5.7,9,,,2.4,9,,,,,180,1,180,1,,,,,,,,,,,,,,,,,,,,,,,,,,,,,,,,
631,38005402,AIGLETON-NIVOSE,45.231,6.038167,2240,2025-04-23,,,,,,,,,,,,,,,,,,,,,,,,,,,,,,,93,9,,,,,5.9,9,,,1.8,9,,,,,184,1,175,1,,,,,,,,,,,,,,,,,,,,,,,,,,,,,,,,
632,38005402,AIGLETON-NIVOSE,45.231,6.038167,2240,2025-04-24,,,,,,,,,,,,,,,,,,,,,,,,,,,,,,,83,9,,,,,4.6,9,,,2.4,9,,,,,181,1,179,1,,,,,,,,,,,,,,,,,,,,,,,,,,,,,,,,
633,38005402,AIGLETON-NIVOSE,45.231,6.038167,2240,2025-04-25,,,,,,,,,,,,,,,,,,,,,,,,,,,,,,,71,9,,,,,4.7,9,,,2.9,9,,,,,173,1,173,1,,,,,,,,,,,,,,,,,,,,,,,,,,,,,,,,
634,38005402,AIGLETON-NIVOSE,45.231,6.038167,2240,2025-04-26,,,,,,,,,,,,,,,,,,,,,,,,,,,,,,,81,9,,,,,5.9,9,,,2.7,9,,,,,169,1,169,1,,,,,,,,,,,,,,,,,,,,,,,,,,,,,,,,
635,38005402,AIGLETON-NIVOSE,45.231,6.038167,2240,2025-04-27,,,,,,,,,,,,,,,,,,,,,,,,,,,,,,,80,9,,,,,5.9,9,,,2.3,9,,,,,169,1,168,1,,,,,,,,,,,,,,,,,,,,,,,,,,,,,,,,
636,38005402,AIGLETON-NIVOSE,45.231,6.038167,2240,2025-04-28,,,,,,,,,,,,,,,,,,,,,,,,,,,,,,,67,9,,,,,5.7,9,,,3.4,9,,,,,164,1,164,1,,,,,,,,,,,,,,,,,,,,,,,,,,,,,,,,
637,38005402,AIGLETON-NIVOSE,45.231,6.038167,2240,2025-04-29,,,,,,,,,,,,,,,,,,,,,,,,,,,,,,,64,9,,,,,5.7,9,,,3.2,9,,,,,160,1,159,1,,,,,,,,,,,,,,,,,,,,,,,,,,,,,,,,
638,38005402,AIGLETON-NIVOSE,45.231,6.038167,2240,2025-04-30,,,,,,,,,,,,,,,,,,,,,,,,,,,,,,,61,9,,,,,5.8,9,,,3.7,9,,,,,155,1,154,1,,,,,,,,,,,,,,,,,,,,,,,,,,,,,,,,
639,38005402,AIGLETON-NIVOSE,45.231,6.038167,2240,2025-05-01,,,,,,,,,,,,,,,,,,,,,,,,,,,,,,,56,9,,,,,5.8,9,,,3.9,9,,,,,147,1,147,1,,,,,,,,,,,,,,,,,,,,,,,,,,,,,,,,
640,38005402,AIGLETON-NIVOSE,45.231,6.038167,2240,2025-05-02,,,,,,,,,,,,,,,,,,,,,,,,,,,,,,,44,9,,,,,5.1,9,,,4.7,9,,,,,140,1,140,1,,,,,,,,,,,,,,,,,,,,,,,,,,,,,,,,
641,38005402,AIGLETON-NIVOSE,45.231,6.038167,2240,2025-05-03,,,,,,,,,,,,,,,,,,,,,,,,,,,,,,,69,9,,,,,7.0,9,,,4.6,9,,,,,133,1,132,1,,,,,,,,,,,,,,,,,,,,,,,,,,,,,,,,
642,38005402,AIGLETON-NIVOSE,45.231,6.038167,2240,2025-05-04,,,,,,,,,,,,,,,,,,,,,,,,,,,,,,,95,9,,,,,7.4,9,,,1.6,9,,,,,125,1,124,1,,,,,,,,,,,,,,,,,,,,,,,,,,,,,,,,
643,38005402,AIGLETON-NIVOSE,45.231,6.038167,2240,2025-05-05,,,,,,,,,,,,,,,,,,,,,,,,,,,,,,,96,9,,,,,5.9,9,,,1.4,9,,,,,123,1,121,1,,,,,,,,,,,,,,,,,,,,,,,,,,,,,,,,
644,38005402,AIGLETON-NIVOSE,45.231,6.038167,2240,2025-05-06,,,,,,,,,,,,,,,,,,,,,,,,,,,,,,,94,9,,,,,5.8,9,,,1.3,9,,,,,122,1,121,1,,,,,,,,,,,,,,,,,,,,,,,,,,,,,,,,
645,38005402,AIGLETON-NIVOSE,45.231,6.038167,2240,2025-05-07,,,,,,,,,,,,,,,,,,,,,,,,,,,,,,,95,9,,,,,5.4,9,,,0.9,9,,,,,124,1,120,1,,,,,,,,,,,,,,,,,,,,,,,,,,,,,,,,
646,38005402,AIGLETON-NIVOSE,45.231,6.038167,2240,2025-05-08,,,,,,,,,,,,,,,,,,,,,,,,,,,,,,,93,9,,,,,5.4,9,,,1.5,9,,,,,123,1,120,1,,,,,,,,,,,,,,,,,,,,,,,,,,,,,,,,
647,38005402,AIGLETON-NIVOSE,45.231,6.038167,2240,2025-05-09,,,,,,,,,,,,,,,,,,,,,,,,,,,,,,,86,9,,,,,5.6,9,,,2.1,9,,,,,120,1,118,1,,,,,,,,,,,,,,,,,,,,,,,,,,,,,,,,
648,38005402,AIGLETON-NIVOSE,45.231,6.038167,2240,2025-05-10,,,,,,,,,,,,,,,,,,,,,,,,,,,,,,,79,9,,,,,6.1,9,,,2.8,9,,,,,119,1,119,1,,,,,,,,,,,,,,,,,,,,,,,,,,,,,,,,
649,38005402,AIGLETON-NIVOSE,45.231,6.038167,2240,2025-05-11,,,,,,,,,,,,,,,,,,,,,,,,,,,,,,,76,9,,,,,6.1,9,,,3.0,9,,,,,114,1,113,1,,,,,,,,,,,,,,,,,,,,,,,,,,,,,,,,
650,38005402,AIGLETON-NIVOSE,45.231,6.038167,2240,2025-05-12,,,,,,,,,,,,,,,,,,,,,,,,,,,,,,,90,9,,,,,6.1,9,,,2.2,9,,,,,108,1,108,1,,,,,,,,,,,,,,,,,,,,,,,,,,,,,,,,
651,38005402,AIGLETON-NIVOSE,45.231,6.038167,2240,2025-05-13,,,,,,,,,,,,,,,,,,,,,,,,,,,,,,,74,9,,,,,5.6,9,,,3.0,9,,,,,106,1,106,1,,,,,,,,,,,,,,,,,,,,,,,,,,,,,,,,
652,38005402,AIGLETON-NIVOSE,45.231,6.038167,2240,2025-05-14,,,,,,,,,,,,,,,,,,,,,,,,,,,,,,,76,9,,,,,6.2,9,,,2.8,9,,,,,102,1,101,1,,,,,,,,,,,,,,,,,,,,,,,,,,,,,,,,
653,38005402,AIGLETON-NIVOSE,45.231,6.038167,2240,2025-05-15,,,,,,,,,,,,,,,,,,,,,,,,,,,,,,,77,9,,,,,6.3,9,,,3.7,9,,,,,98,1,97,1,,,,,,,,,,,,,,,,,,,,,,,,,,,,,,,,
654,38005402,AIGLETON-NIVOSE,45.231,6.038167,2240,2025-05-16,,,,,,,,,,,,,,,,,,,,,,,,,,,,,,,65,9,,,,,4.9,9,,,3.9,9,,,,,92,1,91,1,,,,,,,,,,,,,,,,,,,,,,,,,,,,,,,,
655,38005402,AIGLETON-NIVOSE,45.231,6.038167,2240,2025-05-17,,,,,,,,,,,,,,,,,,,,,,,,,,,,,,,59,9,,,,,4.3,9,,,3.9,9,,,,,86,1,85,1,,,,,,,,,,,,,,,,,,,,,,,,,,,,,,,,
656,38005402,AIGLETON-NIVOSE,45.231,6.038167,2240,2025-05-18,,,,,,,,,,,,,,,,,,,,,,,,,,,,,,,53,9,,,,,4.5,9,,,3.7,9,,,,,81,1,81,1,,,,,,,,,,,,,,,,,,,,,,,,,,,,,,,,
657,38005402,AIGLETON-NIVOSE,45.231,6.038167,2240,2025-05-19,,,,,,,,,,,,,,,,,,,,,,,,,,,,,,,68,9,,,,,6.3,9,,,3.5,9,,,,,75,1,74,1,,,,,,,,,,,,,,,,,,,,,,,,,,,,,,,,
658,38005402,AIGLETON-NIVOSE,45.231,6.038167,2240,2025-05-20,,,,,,,,,,,,,,,,,,,,,,,,,,,,,,,92,9,,,,,7.2,9,,,2.3,9,,,,,71,1,70,1,,,,,,,,,,,,,,,,,,,,,,,,,,,,,,,,
659,38005402,AIGLETON-NIVOSE,45.231,6.038167,2240,2025-05-21,,,,,,,,,,,,,,,,,,,,,,,,,,,,,,,90,9,,,,,7.0,9,,,3.2,9,,,,,65,1,64,1,,,,,,,,,,,,,,,,,,,,,,,,,,,,,,,,
660,38005402,AIGLETON-NIVOSE,45.231,6.038167,2240,2025-05-22,,,,,,,,,,,,,,,,,,,,,,,,,,,,,,,94,9,,,,,5.5,9,,,1.8,9,,,,,70,1,67,1,,,,,,,,,,,,,,,,,,,,,,,,,,,,,,,,
661,38005402,AIGLETON-NIVOSE,45.231,6.038167,2240,2025-05-23,,,,,,,,,,,,,,,,,,,,,,,,,,,,,,,86,9,,,,,5.1,9,,,2.9,9,,,,,70,1,70,1,,,,,,,,,,,,,,,,,,,,,,,,,,,,,,,,
662,38005402,AIGLETON-NIVOSE,45.231,6.038167,2240,2025-05-24,,,,,,,,,,,,,,,,,,,,,,,,,,,,,,,61,9,,,,,4.2,9,,,3.3,9,,,,,68,1,67,1,,,,,,,,,,,,,,,,,,,,,,,,,,,,,,,,
663,38005402,AIGLETON-NIVOSE,45.231,6.038167,2240,2025-05-25,,,,,,,,,,,,,,,,,,,,,,,,,,,,,,,72,9,,,,,6.6,9,,,3.4,9,,,,,63,1,63,1,,,,,,,,,,,,,,,,,,,,,,,,,,,,,,,,
664,38005402,AIGLETON-NIVOSE,45.231,6.038167,2240,2025-05-26,,,,,,,,,,,,,,,,,,,,,,,,,,,,,,,87,9,,,,,7.0,9,,,3.5,9,,,,,55,1,55,1,,,,,,,,,,,,,,,,,,,,,,,,,,,,,,,,
665,38005402,AIGLETON-NIVOSE,45.231,6.038167,2240,2025-05-27,,,,,,,,,,,,,,,,,,,,,,,,,,,,,,,69,9,,,,,5.9,9,,,3.6,9,,,,,49,1,49,1,,,,,,,,,,,,,,,,,,,,,,,,,,,,,,,,
666,38005402,AIGLETON-NIVOSE,45.231,6.038167,2240,2025-05-28,,,,,,,,,,,,,,,,,,,,,,,,,,,,,,,75,9,,,,,7.0,9,,,3.5,9,,,,,43,1,42,1,,,,,,,,,,,,,,,,,,,,,,,,,,,,,,,,
667,38005402,AIGLETON-NIVOSE,45.231,6.038167,2240,2025-05-29,,,,,,,,,,,,,,,,,,,,,,,,,,,,,,,62,9,,,,,6.3,9,,,4.8,9,,,,,36,1,36,1,,,,,,,,,,,,,,,,,,,,,,,,,,,,,,,,
668,38005402,AIGLETON-NIVOSE,45.231,6.038167,2240,2025-05-30,,,,,,,,,,,,,,,,,,,,,,,,,,,,,,,44,9,,,,,6.5,9,,,5.2,9,,,,,29,1,28,1,,,,,,,,,,,,,,,,,,,,,,,,,,,,,,,,
669,38005402,AIGLETON-NIVOSE,45.231,6.038167,2240,2025-05-31,,,,,,,,,,,,,,,,,,,,,,,,,,,,,,,55,9,,,,,7.7,9,,,5.1,9,,,,,19,1,18,1,,,,,,,,,,,,,,,,,,,,,,,,,,,,,,,,
670,38005402,AIGLETON-NIVOSE,45.231,6.038167,2240,2025-06-01,,,,,,,,,,,,,,,,,,,,,,,,,,,,,,,70,9,,,,,9.1,9,,,4.1,9,,,,,0,1,0,1,,,,,,,,,,,,,,,,,,,,,,,,,,,,,,,,
671,38005402,AIGLETON-NIVOSE,45.231,6.038167,2240,2025-06-02,,,,,,,,,,,,,,,,,,,,,,,,,,,,,,,95,9,,,,,9.5,9,,,1.9,9,,,,,0,1,0,1,,,,,,,,,,,,,,,,,,,,,,,,,,,,,,,,
672,38005402,AIGLETON-NIVOSE,45.231,6.038167,2240,2025-06-03,,,,,,,,,,,,,,,,,,,,,,,,,,,,,,,67,9,,,,,7.9,9,,,3.9,9,,,,,0,1,0,1,,,,,,,,,,,,,,,,,,,,,,,,,,,,,,,,
673,38005402,AIGLETON-NIVOSE,45.231,6.038167,2240,2025-06-04,,,,,,,,,,,,,,,,,,,,,,,,,,,,,,,83,9,,,,,8.4,9,,,2.8,9,,,,,0,1,0,1,,,,,,,,,,,,,,,,,,,,,,,,,,,,,,,,
674,38005402,AIGLETON-NIVOSE,45.231,6.038167,2240,2025-06-05,,,,,,,,,,,,,,,,,,,,,,,,,,,,,,,86,9,,,,,8.1,9,,,2.6,9,,,,,0,1,0,1,,,,,,,,,,,,,,,,,,,,,,,,,,,,,,,,
675,38005402,AIGLETON-NIVOSE,45.231,6.038167,2240,2025-06-06,,,,,,,,,,,,,,,,,,,,,,,,,,,,,,,77,9,,,,,8.8,9,,,4.1,9,,,,,0,1,0,1,,,,,,,,,,,,,,,,,,,,,,,,,,,,,,,,
676,38005402,AIGLETON-NIVOSE,45.231,6.038167,2240,2025-06-07,,,,,,,,,,,,,,,,,,,,,,,,,,,,,,,90,9,,,,,9.7,9,,,2.1,9,,,,,0,1,0,1,,,,,,,,,,,,,,,,,,,,,,,,,,,,,,,,
677,38005402,AIGLETON-NIVOSE,45.231,6.038167,2240,2025-06-08,,,,,,,,,,,,,,,,,,,,,,,,,,,,,,,70,9,,,,,6.6,9,,,4.1,9,,,,,0,1,0,1,,,,,,,,,,,,,,,,,,,,,,,,,,,,,,,,
678,38005402,AIGLETON-NIVOSE,45.231,6.038167,2240,2025-06-09,,,,,,,,,,,,,,,,,,,,,,,,,,,,,,,44,9,,,,,5.7,9,,,4.1,9,,,,,0,1,0,1,,,,,,,,,,,,,,,,,,,,,,,,,,,,,,,,
679,38005402,AIGLETON-NIVOSE,45.231,6.038167,2240,2025-06-10,,,,,,,,,,,,,,,,,,,,,,,,,,,,,,,56,9,,,,,7.8,9,,,4.9,9,,,,,0,1,0,1,,,,,,,,,,,,,,,,,,,,,,,,,,,,,,,,
680,38005402,AIGLETON-NIVOSE,45.231,6.038167,2240,2025-06-11,,,,,,,,,,,,,,,,,,,,,,,,,,,,,,,37,9,,,,,6.3,9,,,5.6,9,,,,,0,1,0,1,,,,,,,,,,,,,,,,,,,,,,,,,,,,,,,,
681,38005402,AIGLETON-NIVOSE,45.231,6.038167,2240,2025-06-12,,,,,,,,,,,,,,,,,,,,,,,,,,,,,,,42,9,,,,,7.5,9,,,5.9,9,,,,,0,1,0,1,,,,,,,,,,,,,,,,,,,,,,,,,,,,,,,,
682,38005402,AIGLETON-NIVOSE,45.231,6.038167,2240,2025-06-13,,,,,,,,,,,,,,,,,,,,,,,,,,,,,,,35,9,,,,,6.7,9,,,6.7,9,,,,,0,1,0,1,,,,,,,,,,,,,,,,,,,,,,,,,,,,,,,,
683,38005402,AIGLETON-NIVOSE,45.231,6.038167,2240,2025-06-14,,,,,,,,,,,,,,,,,,,,,,,,,,,,,,,44,9,,,,,8.2,9,,,5.9,9,,,,,0,1,0,1,,,,,,,,,,,,,,,,,,,,,,,,,,,,,,,,
684,38005402,AIGLETON-NIVOSE,45.231,6.038167,2240,2025-06-15,,,,,,,,,,,,,,,,,,,,,,,,,,,,,,,69,9,,,,,9.8,9,,,4.3,9,,,,,0,1,0,1,,,,,,,,,,,,,,,,,,,,,,,,,,,,,,,,
685,38005402,AIGLETON-NIVOSE,45.231,6.038167,2240,2025-06-16,,,,,,,,,,,,,,,,,,,,,,,,,,,,,,,84,9,,,,,9.5,9,,,3.5,9,,,,,0,1,0,1,,,,,,,,,,,,,,,,,,,,,,,,,,,,,,,,
686,38005402,AIGLETON-NIVOSE,45.231,6.038167,2240,2025-06-17,,,,,,,,,,,,,,,,,,,,,,,,,,,,,,,72,9,,,,,9.7,9,,,4.2,9,,,,,0,1,0,1,,,,,,,,,,,,,,,,,,,,,,,,,,,,,,,,
687,38005402,AIGLETON-NIVOSE,45.231,6.038167,2240,2025-06-18,,,,,,,,,,,,,,,,,,,,,,,,,,,,,,,82,9,,,,,11.9,9,,,4.1,9,,,,,0,1,0,1,,,,,,,,,,,,,,,,,,,,,,,,,,,,,,,,
688,38005402,AIGLETON-NIVOSE,45.231,6.038167,2240,2025-06-19,,,,,,,,,,,,,,,,,,,,,,,,,,,,,,,75,9,,,,,12.0,9,,,4.8,9,,,,,0,1,0,1,,,,,,,,,,,,,,,,,,,,,,,,,,,,,,,,
689,38005402,AIGLETON-NIVOSE,45.231,6.038167,2240,2025-06-20,,,,,,,,,,,,,,,,,,,,,,,,,,,,,,,65,9,,,,,10.7,9,,,5.0,9,,,,,0,1,0,1,,,,,,,,,,,,,,,,,,,,,,,,,,,,,,,,
690,38005402,AIGLETON-NIVOSE,45.231,6.038167,2240,2025-06-21,,,,,,,,,,,,,,,,,,,,,,,,,,,,,,,59,9,,,,,9.7,9,,,5.4,9,,,,,0,1,0,1,,,,,,,,,,,,,,,,,,,,,,,,,,,,,,,,
691,38005402,AIGLETON-NIVOSE,45.231,6.038167,2240,2025-06-22,,,,,,,,,,,,,,,,,,,,,,,,,,,,,,,60,9,,,,,10.3,9,,,5.8,9,,,,,0,1,0,1,,,,,,,,,,,,,,,,,,,,,,,,,,,,,,,,
692,38005402,AIGLETON-NIVOSE,45.231,6.038167,2240,2025-06-23,,,,,,,,,,,,,,,,,,,,,,,,,,,,,,,63,9,,,,,10.7,9,,,5.5,9,,,,,0,1,0,1,,,,,,,,,,,,,,,,,,,,,,,,,,,,,,,,
693,38005402,AIGLETON-NIVOSE,45.231,6.038167,2240,2025-06-24,,,,,,,,,,,,,,,,,,,,,,,,,,,,,,,53,9,,,,,8.7,9,,,5.4,9,,,,,0,1,0,1,,,,,,,,,,,,,,,,,,,,,,,,,,,,,,,,
694,38005402,AIGLETON-NIVOSE,45.231,6.038167,2240,2025-06-25,,,,,,,,,,,,,,,,,,,,,,,,,,,,,,,40,9,,,,,8.3,9,,,6.7,9,,,,,0,1,0,1,,,,,,,,,,,,,,,,,,,,,,,,,,,,,,,,
695,38005402,AIGLETON-NIVOSE,45.231,6.038167,2240,2025-06-26,,,,,,,,,,,,,,,,,,,,,,,,,,,,,,,77,9,,,,,10.8,9,,,5.0,9,,,,,0,1,0,1,,,,,,,,,,,,,,,,,,,,,,,,,,,,,,,,
696,38005402,AIGLETON-NIVOSE,45.231,6.038167,2240,2025-06-27,,,,,,,,,,,,,,,,,,,,,,,,,,,,,,,66,9,,,,,10.0,9,,,4.9,9,,,,,0,1,0,1,,,,,,,,,,,,,,,,,,,,,,,,,,,,,,,,
697,38005402,AIGLETON-NIVOSE,45.231,6.038167,2240,2025-06-28,,,,,,,,,,,,,,,,,,,,,,,,,,,,,,,57,9,,,,,10.5,9,,,5.9,9,,,,,0,1,0,1,,,,,,,,,,,,,,,,,,,,,,,,,,,,,,,,
698,38005402,AIGLETON-NIVOSE,45.231,6.038167,2240,2025-06-29,,,,,,,,,,,,,,,,,,,,,,,,,,,,,,,70,9,,,,,13.6,9,,,5.5,9,,,,,0,1,0,1,,,,,,,,,,,,,,,,,,,,,,,,,,,,,,,,
699,38005402,AIGLETON-NIVOSE,45.231,6.038167,2240,2025-06-30,,,,,,,,,,,,,,,,,,,,,,,,,,,,,,,66,9,,,,,11.7,9,,,5.7,9,,,,,0,1,0,1,,,,,,,,,,,,,,,,,,,,,,,,,,,,,,,,
700,38005402,AIGLETON-NIVOSE,45.231,6.038167,2240,2025-07-01,,,,,,,,,,,,,,,,,,,,,,,,,,,,,,,60,9,,,,,10.8,9,,,6.1,9,,,,,0,1,0,1,,,,,,,,,,,,,,,,,,,,,,,,,,,,,,,,
701,38005402,AIGLETON-NIVOSE,45.231,6.038167,2240,2025-07-02,,,,,,,,,,,,,,,,,,,,,,,,,,,,,,,59,9,,,,,10.0,9,,,5.5,9,,,,,0,1,0,1,,,,,,,,,,,,,,,,,,,,,,,,,,,,,,,,
702,38005402,AIGLETON-NIVOSE,45.231,6.038167,2240,2025-07-03,,,,,,,,,,,,,,,,,,,,,,,,,,,,,,,77,9,,,,,12.7,9,,,5.2,9,,,,,0,1,0,1,,,,,,,,,,,,,,,,,,,,,,,,,,,,,,,,
703,38005402,AIGLETON-NIVOSE,45.231,6.038167,2240,2025-07-04,,,,,,,,,,,,,,,,,,,,,,,,,,,,,,,84,9,,,,,12.8,9,,,5.1,9,,,,,0,1,0,1,,,,,,,,,,,,,,,,,,,,,,,,,,,,,,,,
704,38005402,AIGLETON-NIVOSE,45.231,6.038167,2240,2025-07-05,,,,,,,,,,,,,,,,,,,,,,,,,,,,,,,49,9,,,,,7.6,9,,,5.8,9,,,,,0,1,0,1,,,,,,,,,,,,,,,,,,,,,,,,,,,,,,,,
705,38005402,AIGLETON-NIVOSE,45.231,6.038167,2240,2025-07-06,,,,,,,,,,,,,,,,,,,,,,,,,,,,,,,73,9,,,,,8.1,9,,,3.3,9,,,,,0,1,0,1,,,,,,,,,,,,,,,,,,,,,,,,,,,,,,,,
706,38005402,AIGLETON-NIVOSE,45.231,6.038167,2240,2025-07-07,,,,,,,,,,,,,,,,,,,,,,,,,,,,,,,89,9,,,,,7.8,9,,,3.5,9,,,,,0,1,0,1,,,,,,,,,,,,,,,,,,,,,,,,,,,,,,,,
707,38005402,AIGLETON-NIVOSE,45.231,6.038167,2240,2025-07-08,,,,,,,,,,,,,,,,,,,,,,,,,,,,,,,88,9,,,,,6.1,9,,,3.2,9,,,,,0,1,0,1,,,,,,,,,,,,,,,,,,,,,,,,,,,,,,,,
708,38005402,AIGLETON-NIVOSE,45.231,6.038167,2240,2025-07-09,,,,,,,,,,,,,,,,,,,,,,,,,,,,,,,51,9,,,,,5.2,9,,,4.1,9,,,,,0,1,0,1,,,,,,,,,,,,,,,,,,,,,,,,,,,,,,,,
709,38005402,AIGLETON-NIVOSE,45.231,6.038167,2240,2025-07-10,,,,,,,,,,,,,,,,,,,,,,,,,,,,,,,49,9,,,,,6.0,9,,,4.6,9,,,,,0,1,0,1,,,,,,,,,,,,,,,,,,,,,,,,,,,,,,,,
710,38005402,AIGLETON-NIVOSE,45.231,6.038167,2240,2025-07-11,,,,,,,,,,,,,,,,,,,,,,,,,,,,,,,60,9,,,,,7.8,9,,,4.9,9,,,,,0,1,0,1,,,,,,,,,,,,,,,,,,,,,,,,,,,,,,,,
711,38005402,AIGLETON-NIVOSE,45.231,6.038167,2240,2025-07-12,,,,,,,,,,,,,,,,,,,,,,,,,,,,,,,65,9,,,,,9.0,9,,,4.7,9,,,,,0,1,0,1,,,,,,,,,,,,,,,,,,,,,,,,,,,,,,,,
712,38005402,AIGLETON-NIVOSE,45.231,6.038167,2240,2025-07-13,,,,,,,,,,,,,,,,,,,,,,,,,,,,,,,76,9,,,,,10.3,9,,,4.5,9,,,,,0,1,0,1,,,,,,,,,,,,,,,,,,,,,,,,,,,,,,,,
713,38005402,AIGLETON-NIVOSE,45.231,6.038167,2240,2025-07-14,,,,,,,,,,,,,,,,,,,,,,,,,,,,,,,71,9,,,,,9.8,9,,,4.7,9,,,,,0,1,0,1,,,,,,,,,,,,,,,,,,,,,,,,,,,,,,,,
714,38005402,AIGLETON-NIVOSE,45.231,6.038167,2240,2025-07-15,,,,,,,,,,,,,,,,,,,,,,,,,,,,,,,75,9,,,,,10.4,9,,,4.8,9,,,,,0,1,0,1,,,,,,,,,,,,,,,,,,,,,,,,,,,,,,,,
715,38005402,AIGLETON-NIVOSE,45.231,6.038167,2240,2025-07-16,,,,,,,,,,,,,,,,,,,,,,,,,,,,,,,71,9,,,,,9.0,9,,,4.9,9,,,,,0,1,0,1,,,,,,,,,,,,,,,,,,,,,,,,,,,,,,,,
716,38005402,AIGLETON-NIVOSE,45.231,6.038167,2240,2025-07-17,,,,,,,,,,,,,,,,,,,,,,,,,,,,,,,75,9,,,,,9.5,9,,,5.2,9,,,,,0,1,0,1,,,,,,,,,,,,,,,,,,,,,,,,,,,,,,,,
717,38005402,AIGLETON-NIVOSE,45.231,6.038167,2240,2025-07-18,,,,,,,,,,,,,,,,,,,,,,,,,,,,,,,38,9,,,,,6.8,9,,,5.3,9,,,,,0,1,0,1,,,,,,,,,,,,,,,,,,,,,,,,,,,,,,,,
718,38005402,AIGLETON-NIVOSE,45.231,6.038167,2240,2025-07-19,,,,,,,,,,,,,,,,,,,,,,,,,,,,,,,67,9,,,,,9.5,9,,,3.3,9,,,,,0,1,0,1,,,,,,,,,,,,,,,,,,,,,,,,,,,,,,,,
719,38005402,AIGLETON-NIVOSE,45.231,6.038167,2240,2025-07-20,,,,,,,,,,,,,,,,,,,,,,,,,,,,,,,74,9,,,,,10.3,9,,,4.3,9,,,,,0,1,0,1,,,,,,,,,,,,,,,,,,,,,,,,,,,,,,,,
720,38005402,AIGLETON-NIVOSE,45.231,6.038167,2240,2025-07-21,,,,,,,,,,,,,,,,,,,,,,,,,,,,,,,83,9,,,,,8.7,9,,,3.8,9,,,,,0,1,0,1,,,,,,,,,,,,,,,,,,,,,,,,,,,,,,,,
721,38005402,AIGLETON-NIVOSE,45.231,6.038167,2240,2025-07-22,,,,,,,,,,,,,,,,,,,,,,,,,,,,,,,84,9,,,,,8.8,9,,,3.9,9,,,,,0,1,0,1,,,,,,,,,,,,,,,,,,,,,,,,,,,,,,,,
722,38005402,AIGLETON-NIVOSE,45.231,6.038167,2240,2025-07-23,,,,,,,,,,,,,,,,,,,,,,,,,,,,,,,66,9,,,,,7.3,9,,,3.2,9,,,,,0,1,0,1,,,,,,,,,,,,,,,,,,,,,,,,,,,,,,,,
723,38005402,AIGLETON-NIVOSE,45.231,6.038167,2240,2025-07-24,,,,,,,,,,,,,,,,,,,,,,,,,,,,,,,88,9,,,,,8.4,9,,,3.1,9,,,,,0,1,0,1,,,,,,,,,,,,,,,,,,,,,,,,,,,,,,,,
724,38005402,AIGLETON-NIVOSE,45.231,6.038167,2240,2025-07-25,,,,,,,,,,,,,,,,,,,,,,,,,,,,,,,88,9,,,,,8.1,9,,,3.1,9,,,,,0,1,0,1,,,,,,,,,,,,,,,,,,,,,,,,,,,,,,,,
725,38005402,AIGLETON-NIVOSE,45.231,6.038167,2240,2025-07-26,,,,,,,,,,,,,,,,,,,,,,,,,,,,,,,94,9,,,,,8.9,9,,,2.3,9,,,,,0,1,0,1,,,,,,,,,,,,,,,,,,,,,,,,,,,,,,,,
726,38005402,AIGLETON-NIVOSE,45.231,6.038167,2240,2025-07-27,,,,,,,,,,,,,,,,,,,,,,,,,,,,,,,89,9,,,,,8.7,9,,,3.6,9,,,,,0,1,0,1,,,,,,,,,,,,,,,,,,,,,,,,,,,,,,,,
727,38005402,AIGLETON-NIVOSE,45.231,6.038167,2240,2025-07-28,,,,,,,,,,,,,,,,,,,,,,,,,,,,,,,99,9,,,,,7.6,9,,,2.1,9,,,,,0,1,0,1,,,,,,,,,,,,,,,,,,,,,,,,,,,,,,,,
728,38005402,AIGLETON-NIVOSE,45.231,6.038167,2240,2025-07-29,,,,,,,,,,,,,,,,,,,,,,,,,,,,,,,82,9,,,,,7.2,9,,,3.3,9,,,,,0,1,0,1,,,,,,,,,,,,,,,,,,,,,,,,,,,,,,,,
729,38005402,AIGLETON-NIVOSE,45.231,6.038167,2240,2025-07-30,,,,,,,,,,,,,,,,,,,,,,,,,,,,,,,81,9,,,,,7.8,9,,,3.7,9,,,,,0,1,0,1,,,,,,,,,,,,,,,,,,,,,,,,,,,,,,,,
730,38005402,AIGLETON-NIVOSE,45.231,6.038167,2240,2025-07-31,,,,,,,,,,,,,,,,,,,,,,,,,,,,,,,83,9,,,,,9.1,9,,,3.5,9,,,,,0,1,0,1,,,,,,,,,,,,,,,,,,,,,,,,,,,,,,,,
731,38005402,AIGLETON-NIVOSE,45.231,6.038167,2240,2025-08-01,,,,,,,,,,,,,,,,,,,,,,,,,,,,,,,84,9,,,,,9.4,9,,,3.9,9,,,,,0,1,0,1,,,,,,,,,,,,,,,,,,,,,,,,,,,,,,,,
732,38005402,AIGLETON-NIVOSE,45.231,6.038167,2240,2025-08-02,,,,,,,,,,,,,,,,,,,,,,,,,,,,,,,91,9,,,,,7.8,9,,,3.1,9,,,,,0,1,0,1,,,,,,,,,,,,,,,,,,,,,,,,,,,,,,,,
733,38005402,AIGLETON-NIVOSE,45.231,6.038167,2240,2025-08-03,,,,,,,,,,,,,,,,,,,,,,,,,,,,,,,78,9,,,,,7.5,9,,,3.3,9,,,,,0,1,0,1,,,,,,,,,,,,,,,,,,,,,,,,,,,,,,,,
734,38005402,AIGLETON-NIVOSE,45.231,6.038167,2240,2025-08-04,,,,,,,,,,,,,,,,,,,,,,,,,,,,,,,44,9,,,,,6.6,9,,,4.1,9,,,,,0,1,0,1,,,,,,,,,,,,,,,,,,,,,,,,,,,,,,,,
735,38005402,AIGLETON-NIVOSE,45.231,6.038167,2240,2025-08-05,,,,,,,,,,,,,,,,,,,,,,,,,,,,,,,60,9,,,,,8.8,9,,,5.0,9,,,,,0,1,0,1,,,,,,,,,,,,,,,,,,,,,,,,,,,,,,,,
736,38005402,AIGLETON-NIVOSE,45.231,6.038167,2240,2025-08-06,,,,,,,,,,,,,,,,,,,,,,,,,,,,,,,68,9,,,,,9.4,9,,,2.9,9,,,,,0,1,0,1,,,,,,,,,,,,,,,,,,,,,,,,,,,,,,,,
737,38005402,AIGLETON-NIVOSE,45.231,6.038167,2240,2025-08-07,,,,,,,,,,,,,,,,,,,,,,,,,,,,,,,69,9,,,,,10.6,9,,,4.5,9,,,,,0,1,0,1,,,,,,,,,,,,,,,,,,,,,,,,,,,,,,,,
738,38005402,AIGLETON-NIVOSE,45.231,6.038167,2240,2025-08-08,,,,,,,,,,,,,,,,,,,,,,,,,,,,,,,48,9,,,,,9.1,9,,,5.4,9,,,,,0,1,0,1,,,,,,,,,,,,,,,,,,,,,,,,,,,,,,,,
739,38005402,AIGLETON-NIVOSE,45.231,6.038167,2240,2025-08-09,,,,,,,,,,,,,,,,,,,,,,,,,,,,,,,40,9,,,,,8.7,9,,,6.3,9,,,,,0,1,0,1,,,,,,,,,,,,,,,,,,,,,,,,,,,,,,,,
740,38005402,AIGLETON-NIVOSE,45.231,6.038167,2240,2025-08-10,,,,,,,,,,,,,,,,,,,,,,,,,,,,,,,60,9,,,,,11.9,9,,,6.0,9,,,,,0,1,0,1,,,,,,,,,,,,,,,,,,,,,,,,,,,,,,,,
741,38005402,AIGLETON-NIVOSE,45.231,6.038167,2240,2025-08-11,,,,,,,,,,,,,,,,,,,,,,,,,,,,,,,58,9,,,,,12.2,9,,,5.5,9,,,,,0,1,0,1,,,,,,,,,,,,,,,,,,,,,,,,,,,,,,,,
742,38005402,AIGLETON-NIVOSE,45.231,6.038167,2240,2025-08-12,,,,,,,,,,,,,,,,,,,,,,,,,,,,,,,43,9,,,,,9.2,9,,,6.1,9,,,,,0,1,0,1,,,,,,,,,,,,,,,,,,,,,,,,,,,,,,,,
743,38005402,AIGLETON-NIVOSE,45.231,6.038167,2240,2025-08-13,,,,,,,,,,,,,,,,,,,,,,,,,,,,,,,44,9,,,,,8.8,9,,,6.1,9,,,,,0,1,0,1,,,,,,,,,,,,,,,,,,,,,,,,,,,,,,,,
744,38005402,AIGLETON-NIVOSE,45.231,6.038167,2240,2025-08-14,,,,,,,,,,,,,,,,,,,,,,,,,,,,,,,52,9,,,,,9.2,9,,,5.1,9,,,,,0,1,0,1,,,,,,,,,,,,,,,,,,,,,,,,,,,,,,,,
745,38005402,AIGLETON-NIVOSE,45.231,6.038167,2240,2025-08-15,,,,,,,,,,,,,,,,,,,,,,,,,,,,,,,50,9,,,,,9.2,9,,,4.7,9,,,,,0,1,0,1,,,,,,,,,,,,,,,,,,,,,,,,,,,,,,,,
746,38005402,AIGLETON-NIVOSE,45.231,6.038167,2240,2025-08-16,,,,,,,,,,,,,,,,,,,,,,,,,,,,,,,60,9,,,,,10.1,9,,,5.4,9,,,,,0,1,0,1,,,,,,,,,,,,,,,,,,,,,,,,,,,,,,,,
747,38005402,AIGLETON-NIVOSE,45.231,6.038167,2240,2025-08-17,,,,,,,,,,,,,,,,,,,,,,,,,,,,,,,68,9,,,,,10.0,9,,,4.5,9,,,,,0,1,0,1,,,,,,,,,,,,,,,,,,,,,,,,,,,,,,,,
748,38005402,AIGLETON-NIVOSE,45.231,6.038167,2240,2025-08-18,,,,,,,,,,,,,,,,,,,,,,,,,,,,,,,63,9,,,,,10.2,9,,,4.4,9,,,,,0,1,0,1,,,,,,,,,,,,,,,,,,,,,,,,,,,,,,,,
749,38005402,AIGLETON-NIVOSE,45.231,6.038167,2240,2025-08-19,,,,,,,,,,,,,,,,,,,,,,,,,,,,,,,70,9,,,,,9.6,9,,,2.9,9,,,,,0,1,0,1,,,,,,,,,,,,,,,,,,,,,,,,,,,,,,,,
750,38005402,AIGLETON-NIVOSE,45.231,6.038167,2240,2025-08-20,,,,,,,,,,,,,,,,,,,,,,,,,,,,,,,85,9,,,,,8.9,9,,,1.5,9,,,,,0,1,0,1,,,,,,,,,,,,,,,,,,,,,,,,,,,,,,,,
751,38005402,AIGLETON-NIVOSE,45.231,6.038167,2240,2025-08-21,,,,,,,,,,,,,,,,,,,,,,,,,,,,,,,92,9,,,,,8.5,9,,,2.2,9,,,,,0,1,0,1,,,,,,,,,,,,,,,,,,,,,,,,,,,,,,,,
752,38005402,AIGLETON-NIVOSE,45.231,6.038167,2240,2025-08-22,,,,,,,,,,,,,,,,,,,,,,,,,,,,,,,92,9,,,,,9.5,9,,,2.6,9,,,,,0,1,0,1,,,,,,,,,,,,,,,,,,,,,,,,,,,,,,,,
753,38005402,AIGLETON-NIVOSE,45.231,6.038167,2240,2025-08-23,,,,,,,,,,,,,,,,,,,,,,,,,,,,,,,62,9,,,,,6.9,9,,,3.8,9,,,,,0,1,0,1,,,,,,,,,,,,,,,,,,,,,,,,,,,,,,,,
754,38005402,AIGLETON-NIVOSE,45.231,6.038167,2240,2025-08-24,,,,,,,,,,,,,,,,,,,,,,,,,,,,,,,48,9,,,,,6.4,9,,,3.6,9,,,,,0,1,0,1,,,,,,,,,,,,,,,,,,,,,,,,,,,,,,,,
755,38005402,AIGLETON-NIVOSE,45.231,6.038167,2240,2025-08-25,,,,,,,,,,,,,,,,,,,,,,,,,,,,,,,44,9,,,,,6.1,9,,,4.3,9,,,,,0,1,0,1,,,,,,,,,,,,,,,,,,,,,,,,,,,,,,,,
756,38005402,AIGLETON-NIVOSE,45.231,6.038167,2240,2025-08-26,,,,,,,,,,,,,,,,,,,,,,,,,,,,,,,52,9,,,,,8.0,9,,,4.3,9,,,,,0,1,0,1,,,,,,,,,,,,,,,,,,,,,,,,,,,,,,,,
